0 verbose cli /.sprite/languages/node/nvm/versions/node/v24.18.0/bin/node /.sprite/languages/node/nvm/versions/node/v24.18.0/bin/npm
1 info using npm@12.0.1
2 info using node@v24.18.0
3 silly config load:file:/.sprite/languages/node/nvm/versions/node/v24.18.0/lib/node_modules/npm/npmrc
4 silly config load:file:/home/sprite/.npmrc
5 silly config load:file:/.sprite/languages/node/nvm/versions/node/v24.18.0/etc/npmrc
6 verbose title npm install chess.js
7 verbose argv "install" "chess.js"
8 verbose logfile logs-max:10 dir:/home/sprite/.npm/_logs/2026-09-18T11_06_26_082Z-
9 verbose logfile /home/sprite/.npm/_logs/2026-09-18T11_06_26_082Z-debug-0.log
10 silly logfile done cleaning log files
11 silly packumentCache heap:4496293888 maxSize:1124073472 maxEntrySize:562036736
12 silly idealTree buildDeps
13 silly fetch manifest @tanstack/react-router@^1.170.18
14 silly packumentCache full:https://registry.npmjs.org/@tanstack%2freact-router cache-miss
15 http fetch GET 200 https://registry.npmjs.org/npm 148ms
16 http fetch GET 200 https://registry.npmjs.org/@tanstack%2freact-router 281ms (cache miss)
17 silly packumentCache full:https://registry.npmjs.org/@tanstack%2freact-router set size:undefined disposed:false
18 silly fetch manifest react@^19.2.8
19 silly packumentCache full:https://registry.npmjs.org/react cache-miss
20 http fetch GET 200 https://registry.npmjs.org/react 210ms (cache miss)
21 silly packumentCache full:https://registry.npmjs.org/react set size:undefined disposed:false
22 silly fetch manifest react-dom@^19.2.8
23 silly packumentCache full:https://registry.npmjs.org/react-dom cache-miss
24 http fetch GET 200 https://registry.npmjs.org/react-dom 217ms (cache miss)
25 silly packumentCache full:https://registry.npmjs.org/react-dom set size:undefined disposed:false
26 silly fetch manifest chess.js@*
27 silly packumentCache full:https://registry.npmjs.org/chess.js cache-miss
28 http fetch GET 200 https://registry.npmjs.org/chess.js 60ms (cache miss)
29 silly packumentCache full:https://registry.npmjs.org/chess.js set size:undefined disposed:false
30 silly fetch manifest @tailwindcss/vite@^4.3.3
31 silly packumentCache full:https://registry.npmjs.org/@tailwindcss%2fvite cache-miss
32 http fetch GET 200 https://registry.npmjs.org/@tailwindcss%2fvite 110ms (cache miss)
33 silly packumentCache full:https://registry.npmjs.org/@tailwindcss%2fvite set size:undefined disposed:false
34 silly fetch manifest vite@^8.1.5
35 silly packumentCache full:https://registry.npmjs.org/vite cache-miss
36 http fetch GET 200 https://registry.npmjs.org/vite 1513ms (cache miss)
37 silly packumentCache full:https://registry.npmjs.org/vite set size:undefined disposed:false
38 silly fetch manifest @types/node@^20.19.0 || >=22.12.0
39 silly packumentCache full:https://registry.npmjs.org/@types%2fnode cache-miss
40 http fetch GET 200 https://registry.npmjs.org/@types%2fnode 228ms (cache miss)
41 silly packumentCache full:https://registry.npmjs.org/@types%2fnode set size:undefined disposed:false
42 silly fetch manifest @vitejs/devtools@^0.7.1
43 silly packumentCache full:https://registry.npmjs.org/@vitejs%2fdevtools cache-miss
44 http fetch GET 200 https://registry.npmjs.org/@vitejs%2fdevtools 61ms (cache miss)
45 silly packumentCache full:https://registry.npmjs.org/@vitejs%2fdevtools set size:undefined disposed:false
46 silly fetch manifest @vitejs/devtools-oxc@^0.7.5
47 silly packumentCache full:https://registry.npmjs.org/@vitejs%2fdevtools-oxc cache-miss
48 http fetch GET 200 https://registry.npmjs.org/@vitejs%2fdevtools-oxc 68ms (cache miss)
49 silly packumentCache full:https://registry.npmjs.org/@vitejs%2fdevtools-oxc set size:undefined disposed:false
50 silly fetch manifest @vitejs/devtools-rolldown@^0.7.5
51 silly packumentCache full:https://registry.npmjs.org/@vitejs%2fdevtools-rolldown cache-miss
52 http fetch GET 200 https://registry.npmjs.org/@vitejs%2fdevtools-rolldown 53ms (cache miss)
53 silly packumentCache full:https://registry.npmjs.org/@vitejs%2fdevtools-rolldown set size:undefined disposed:false
54 silly fetch manifest @vitejs/devtools-vite@^0.7.5
55 silly packumentCache full:https://registry.npmjs.org/@vitejs%2fdevtools-vite cache-miss
56 http fetch GET 200 https://registry.npmjs.org/@vitejs%2fdevtools-vite 76ms (cache miss)
57 silly packumentCache full:https://registry.npmjs.org/@vitejs%2fdevtools-vite set size:undefined disposed:false
58 silly fetch manifest @vitejs/devtools-vitest@^0.7.5
59 silly packumentCache full:https://registry.npmjs.org/@vitejs%2fdevtools-vitest cache-miss
60 http fetch GET 200 https://registry.npmjs.org/@vitejs%2fdevtools-vitest 60ms (cache miss)
61 silly packumentCache full:https://registry.npmjs.org/@vitejs%2fdevtools-vitest set size:undefined disposed:false
62 silly fetch manifest vitest@*
63 silly packumentCache full:https://registry.npmjs.org/vitest cache-miss
64 http fetch GET 200 https://registry.npmjs.org/vitest 158ms (cache miss)
65 silly packumentCache full:https://registry.npmjs.org/vitest set size:undefined disposed:false
66 silly fetch manifest @edge-runtime/vm@*
67 silly packumentCache full:https://registry.npmjs.org/@edge-runtime%2fvm cache-miss
68 http fetch GET 200 https://registry.npmjs.org/@edge-runtime%2fvm 59ms (cache miss)
69 silly packumentCache full:https://registry.npmjs.org/@edge-runtime%2fvm set size:undefined disposed:false
70 silly fetch manifest @opentelemetry/api@^1.9.0
71 silly packumentCache full:https://registry.npmjs.org/@opentelemetry%2fapi cache-miss
72 http fetch GET 200 https://registry.npmjs.org/@opentelemetry%2fapi 58ms (cache miss)
73 silly packumentCache full:https://registry.npmjs.org/@opentelemetry%2fapi set size:undefined disposed:false
74 silly fetch manifest @vitest/browser-playwright@5.0.1
75 silly packumentCache full:https://registry.npmjs.org/@vitest%2fbrowser-playwright cache-miss
76 http fetch GET 200 https://registry.npmjs.org/@vitest%2fbrowser-playwright 49ms (cache miss)
77 silly packumentCache full:https://registry.npmjs.org/@vitest%2fbrowser-playwright set size:undefined disposed:false
78 silly fetch manifest playwright@*
79 silly packumentCache full:https://registry.npmjs.org/playwright cache-miss
80 http fetch GET 200 https://registry.npmjs.org/playwright 440ms (cache miss)
81 silly packumentCache full:https://registry.npmjs.org/playwright set size:undefined disposed:false
82 silly fetch manifest @vitest/browser-preview@5.0.1
83 silly packumentCache full:https://registry.npmjs.org/@vitest%2fbrowser-preview cache-miss
84 http fetch GET 200 https://registry.npmjs.org/@vitest%2fbrowser-preview 69ms (cache miss)
85 silly packumentCache full:https://registry.npmjs.org/@vitest%2fbrowser-preview set size:undefined disposed:false
86 silly fetch manifest @vitest/browser-webdriverio@^5.0.0-beta.5 || >=5.0.0
87 silly packumentCache full:https://registry.npmjs.org/@vitest%2fbrowser-webdriverio cache-miss
88 http fetch GET 200 https://registry.npmjs.org/@vitest%2fbrowser-webdriverio 48ms (cache miss)
89 silly packumentCache full:https://registry.npmjs.org/@vitest%2fbrowser-webdriverio set size:undefined disposed:false
90 silly fetch manifest webdriverio@*
91 silly packumentCache full:https://registry.npmjs.org/webdriverio cache-miss
92 http fetch GET 200 https://registry.npmjs.org/webdriverio 109ms (cache miss)
93 silly packumentCache full:https://registry.npmjs.org/webdriverio set size:undefined disposed:false
94 silly fetch manifest puppeteer-core@>=22.x <=24.x
95 silly packumentCache full:https://registry.npmjs.org/puppeteer-core cache-miss
96 http fetch GET 200 https://registry.npmjs.org/puppeteer-core 71ms (cache miss)
97 silly packumentCache full:https://registry.npmjs.org/puppeteer-core set size:undefined disposed:false
98 silly fetch manifest @vitest/coverage-istanbul@5.0.1
99 silly packumentCache full:https://registry.npmjs.org/@vitest%2fcoverage-istanbul cache-miss
100 http fetch GET 200 https://registry.npmjs.org/@vitest%2fcoverage-istanbul 245ms (cache miss)
101 silly packumentCache full:https://registry.npmjs.org/@vitest%2fcoverage-istanbul set size:undefined disposed:false
102 silly fetch manifest @vitest/coverage-v8@5.0.1
103 silly packumentCache full:https://registry.npmjs.org/@vitest%2fcoverage-v8 cache-miss
104 http fetch GET 200 https://registry.npmjs.org/@vitest%2fcoverage-v8 63ms (cache miss)
105 silly packumentCache full:https://registry.npmjs.org/@vitest%2fcoverage-v8 set size:undefined disposed:false
106 silly fetch manifest @vitest/browser@5.0.1
107 silly packumentCache full:https://registry.npmjs.org/@vitest%2fbrowser cache-miss
108 http fetch GET 200 https://registry.npmjs.org/@vitest%2fbrowser 69ms (cache miss)
109 silly packumentCache full:https://registry.npmjs.org/@vitest%2fbrowser set size:undefined disposed:false
110 silly fetch manifest @vitest/ui@5.0.1
111 silly packumentCache full:https://registry.npmjs.org/@vitest%2fui cache-miss
112 http fetch GET 200 https://registry.npmjs.org/@vitest%2fui 97ms (cache miss)
113 silly packumentCache full:https://registry.npmjs.org/@vitest%2fui set size:undefined disposed:false
114 silly fetch manifest happy-dom@*
115 silly packumentCache full:https://registry.npmjs.org/happy-dom cache-miss
116 http fetch GET 200 https://registry.npmjs.org/happy-dom 114ms (cache miss)
117 silly packumentCache full:https://registry.npmjs.org/happy-dom set size:undefined disposed:false
118 silly fetch manifest jsdom@*
119 silly packumentCache full:https://registry.npmjs.org/jsdom cache-miss
120 http fetch GET 200 https://registry.npmjs.org/jsdom 64ms (cache miss)
121 silly packumentCache full:https://registry.npmjs.org/jsdom set size:undefined disposed:false
122 silly fetch manifest canvas@^3.2.3
123 silly packumentCache full:https://registry.npmjs.org/canvas cache-miss
124 http fetch GET 200 https://registry.npmjs.org/canvas 39ms (cache miss)
125 silly packumentCache full:https://registry.npmjs.org/canvas set size:undefined disposed:false
126 silly fetch manifest esbuild@^0.27.0 || ^0.28.0
127 silly packumentCache full:https://registry.npmjs.org/esbuild cache-miss
128 http fetch GET 200 https://registry.npmjs.org/esbuild 117ms (cache miss)
129 silly packumentCache full:https://registry.npmjs.org/esbuild set size:undefined disposed:false
130 silly fetch manifest jiti@>=1.21.0
131 silly packumentCache full:https://registry.npmjs.org/jiti cache-miss
132 http fetch GET 200 https://registry.npmjs.org/jiti 36ms (cache miss)
133 silly packumentCache full:https://registry.npmjs.org/jiti set size:undefined disposed:false
134 silly fetch manifest less@^4.0.0
135 silly packumentCache full:https://registry.npmjs.org/less cache-miss
136 http fetch GET 200 https://registry.npmjs.org/less 36ms (cache miss)
137 silly packumentCache full:https://registry.npmjs.org/less set size:undefined disposed:false
138 silly fetch manifest sass@^1.70.0
139 silly packumentCache full:https://registry.npmjs.org/sass cache-miss
140 http fetch GET 200 https://registry.npmjs.org/sass 54ms (cache miss)
141 silly packumentCache full:https://registry.npmjs.org/sass set size:undefined disposed:false
142 silly fetch manifest sass-embedded@^1.70.0
143 silly packumentCache full:https://registry.npmjs.org/sass-embedded cache-miss
144 http fetch GET 200 https://registry.npmjs.org/sass-embedded 42ms (cache miss)
145 silly packumentCache full:https://registry.npmjs.org/sass-embedded set size:undefined disposed:false
146 silly fetch manifest stylus@>=0.54.8
147 silly packumentCache full:https://registry.npmjs.org/stylus cache-miss
148 http fetch GET 200 https://registry.npmjs.org/stylus 39ms (cache miss)
149 silly packumentCache full:https://registry.npmjs.org/stylus set size:undefined disposed:false
150 silly fetch manifest sugarss@^5.0.0
151 silly packumentCache full:https://registry.npmjs.org/sugarss cache-miss
152 http fetch GET 200 https://registry.npmjs.org/sugarss 41ms (cache miss)
153 silly packumentCache full:https://registry.npmjs.org/sugarss set size:undefined disposed:false
154 silly fetch manifest postcss@^8.3.3
155 silly packumentCache full:https://registry.npmjs.org/postcss cache-miss
156 http fetch GET 200 https://registry.npmjs.org/postcss 60ms (cache miss)
157 silly packumentCache full:https://registry.npmjs.org/postcss set size:undefined disposed:false
158 silly fetch manifest terser@^5.16.0
159 silly packumentCache full:https://registry.npmjs.org/terser cache-miss
160 http fetch GET 200 https://registry.npmjs.org/terser 56ms (cache miss)
161 silly packumentCache full:https://registry.npmjs.org/terser set size:undefined disposed:false
162 silly fetch manifest tsx@^4.8.1
163 silly packumentCache full:https://registry.npmjs.org/tsx cache-miss
164 http fetch GET 200 https://registry.npmjs.org/tsx 43ms (cache miss)
165 silly packumentCache full:https://registry.npmjs.org/tsx set size:undefined disposed:false
166 silly fetch manifest yaml@^2.4.2
167 silly packumentCache full:https://registry.npmjs.org/yaml cache-miss
168 http fetch GET 200 https://registry.npmjs.org/yaml 40ms (cache miss)
169 silly packumentCache full:https://registry.npmjs.org/yaml set size:undefined disposed:false
170 silly fetch manifest @tanstack/router-plugin@^1.168.23
171 silly packumentCache full:https://registry.npmjs.org/@tanstack%2frouter-plugin cache-miss
172 http fetch GET 200 https://registry.npmjs.org/@tanstack%2frouter-plugin 144ms (cache miss)
173 silly packumentCache full:https://registry.npmjs.org/@tanstack%2frouter-plugin set size:undefined disposed:false
174 silly fetch manifest @rsbuild/core@>=1.0.2 || ^2.0.0
175 silly packumentCache full:https://registry.npmjs.org/@rsbuild%2fcore cache-miss
176 http fetch GET 200 https://registry.npmjs.org/@rsbuild%2fcore 86ms (cache miss)
177 silly packumentCache full:https://registry.npmjs.org/@rsbuild%2fcore set size:undefined disposed:false
178 silly fetch manifest core-js@>= 3.0.0
179 silly packumentCache full:https://registry.npmjs.org/core-js cache-miss
180 http fetch GET 200 https://registry.npmjs.org/core-js 55ms (cache miss)
181 silly packumentCache full:https://registry.npmjs.org/core-js set size:undefined disposed:false
182 silly fetch manifest vite-plugin-solid@^2.11.10 || ^3.0.0-0
183 silly packumentCache full:https://registry.npmjs.org/vite-plugin-solid cache-miss
184 http fetch GET 200 https://registry.npmjs.org/vite-plugin-solid 43ms (cache miss)
185 silly packumentCache full:https://registry.npmjs.org/vite-plugin-solid set size:undefined disposed:false
186 silly fetch manifest @testing-library/jest-dom@^5.16.6 || ^5.17.0 || ^6.0.0 || ^7.0.0
187 silly packumentCache full:https://registry.npmjs.org/@testing-library%2fjest-dom cache-miss
188 http fetch GET 200 https://registry.npmjs.org/@testing-library%2fjest-dom 70ms (cache miss)
189 silly packumentCache full:https://registry.npmjs.org/@testing-library%2fjest-dom set size:undefined disposed:false
190 silly fetch manifest @testing-library/dom@>=10 <11
191 silly packumentCache full:https://registry.npmjs.org/@testing-library%2fdom cache-miss
192 http fetch GET 200 https://registry.npmjs.org/@testing-library%2fdom 67ms (cache miss)
193 silly packumentCache full:https://registry.npmjs.org/@testing-library%2fdom set size:undefined disposed:false
194 silly fetch manifest solid-js@^1.7.2
195 silly packumentCache full:https://registry.npmjs.org/solid-js cache-miss
196 http fetch GET 200 https://registry.npmjs.org/solid-js 96ms (cache miss)
197 silly packumentCache full:https://registry.npmjs.org/solid-js set size:undefined disposed:false
198 silly fetch manifest webpack@>=5.92.0
199 silly packumentCache full:https://registry.npmjs.org/webpack cache-miss
200 http fetch GET 200 https://registry.npmjs.org/webpack 175ms (cache miss)
201 silly packumentCache full:https://registry.npmjs.org/webpack set size:undefined disposed:false
202 silly fetch manifest @types/react@^19.2.17
203 silly packumentCache full:https://registry.npmjs.org/@types%2freact cache-miss
204 http fetch GET 200 https://registry.npmjs.org/@types%2freact 128ms (cache miss)
205 silly packumentCache full:https://registry.npmjs.org/@types%2freact set size:undefined disposed:false
206 silly fetch manifest @types/react-dom@^19.2.3
207 silly packumentCache full:https://registry.npmjs.org/@types%2freact-dom cache-miss
208 http fetch GET 200 https://registry.npmjs.org/@types%2freact-dom 53ms (cache miss)
209 silly packumentCache full:https://registry.npmjs.org/@types%2freact-dom set size:undefined disposed:false
210 silly fetch manifest @vitejs/plugin-react@^5.2.0
211 silly packumentCache full:https://registry.npmjs.org/@vitejs%2fplugin-react cache-miss
212 http fetch GET 200 https://registry.npmjs.org/@vitejs%2fplugin-react 53ms (cache miss)
213 silly packumentCache full:https://registry.npmjs.org/@vitejs%2fplugin-react set size:undefined disposed:false
214 silly fetch manifest tailwindcss@^4.3.3
215 silly packumentCache full:https://registry.npmjs.org/tailwindcss cache-miss
216 http fetch GET 200 https://registry.npmjs.org/tailwindcss 226ms (cache miss)
217 silly packumentCache full:https://registry.npmjs.org/tailwindcss set size:undefined disposed:false
218 silly fetch manifest typescript@^5.9.3
219 silly packumentCache full:https://registry.npmjs.org/typescript cache-miss
220 http fetch GET 200 https://registry.npmjs.org/typescript 325ms (cache miss)
221 silly packumentCache full:https://registry.npmjs.org/typescript set size:undefined disposed:false
222 silly placeDep ROOT @tailwindcss/vite@4.3.3 OK for: app@0.0.0 want: ^4.3.3
223 silly placeDep ROOT vite@8.3.0 OK for: @tailwindcss/vite@4.3.3 want: ^5.2.0 || ^6 || ^7 || ^8
224 silly placeDep ROOT @tanstack/react-router@1.170.38 OK for: app@0.0.0 want: ^1.170.18
225 silly placeDep ROOT react@19.3.0 OK for: @tanstack/react-router@1.170.38 want: >=18.0.0 || >=19.0.0
226 silly placeDep ROOT react-dom@19.3.0 OK for: @tanstack/react-router@1.170.38 want: >=18.0.0 || >=19.0.0
227 silly placeDep ROOT @tanstack/router-plugin@1.168.40 OK for: app@0.0.0 want: ^1.168.23
228 silly placeDep ROOT @types/react@19.3.0 OK for: app@0.0.0 want: ^19.2.17
229 silly placeDep ROOT @types/react-dom@19.3.0 OK for: app@0.0.0 want: ^19.2.3
230 silly placeDep ROOT @vitejs/plugin-react@5.2.0 OK for: app@0.0.0 want: ^5.2.0
231 silly placeDep ROOT chess.js@1.4.0 OK for: app@0.0.0 want: *
232 silly placeDep ROOT tailwindcss@4.3.3 OK for: app@0.0.0 want: ^4.3.3
233 silly placeDep ROOT typescript@5.9.3 OK for: app@0.0.0 want: ^5.9.3
234 silly fetch manifest tailwindcss@4.3.3
235 silly packumentCache full:https://registry.npmjs.org/tailwindcss cache-miss
236 silly fetch manifest @tailwindcss/node@4.3.3
237 silly packumentCache full:https://registry.npmjs.org/@tailwindcss%2fnode cache-miss
238 silly fetch manifest @tailwindcss/oxide@4.3.3
239 silly packumentCache full:https://registry.npmjs.org/@tailwindcss%2foxide cache-miss
240 silly fetch manifest postcss@^8.5.28
241 silly packumentCache full:https://registry.npmjs.org/postcss cache-miss
242 silly fetch manifest rolldown@~1.2.6
243 silly packumentCache full:https://registry.npmjs.org/rolldown cache-miss
244 silly fetch manifest picomatch@^4.0.7
245 silly packumentCache full:https://registry.npmjs.org/picomatch cache-miss
246 silly fetch manifest tinyglobby@^0.2.17
247 silly packumentCache full:https://registry.npmjs.org/tinyglobby cache-miss
248 http cache https://registry.npmjs.org/postcss 37ms (cache hit)
249 silly packumentCache full:https://registry.npmjs.org/postcss set size:766699 disposed:false
250 silly fetch manifest lightningcss@^1.33.0
251 silly packumentCache full:https://registry.npmjs.org/lightningcss cache-miss
252 http cache https://registry.npmjs.org/tailwindcss 90ms (cache hit)
253 silly packumentCache full:https://registry.npmjs.org/tailwindcss set size:10879261 disposed:false
254 silly fetch manifest fsevents@~2.3.3
255 silly packumentCache full:https://registry.npmjs.org/fsevents cache-miss
256 http fetch GET 200 https://registry.npmjs.org/picomatch 170ms (cache miss)
257 silly packumentCache full:https://registry.npmjs.org/picomatch set size:undefined disposed:false
258 silly fetch manifest isbot@^5.1.22
259 silly packumentCache full:https://registry.npmjs.org/isbot cache-miss
260 http fetch GET 200 https://registry.npmjs.org/tinyglobby 175ms (cache miss)
261 silly packumentCache full:https://registry.npmjs.org/tinyglobby set size:undefined disposed:false
262 silly fetch manifest @tanstack/history@1.162.4
263 silly packumentCache full:https://registry.npmjs.org/@tanstack%2fhistory cache-miss
264 http fetch GET 200 https://registry.npmjs.org/lightningcss 142ms (cache miss)
265 silly packumentCache full:https://registry.npmjs.org/lightningcss set size:undefined disposed:false
266 silly fetch manifest @tanstack/react-store@^0.11.0
267 silly packumentCache full:https://registry.npmjs.org/@tanstack%2freact-store cache-miss
268 http fetch GET 200 https://registry.npmjs.org/fsevents 53ms (cache miss)
269 silly packumentCache full:https://registry.npmjs.org/fsevents set size:undefined disposed:false
270 silly fetch manifest @tanstack/router-core@1.171.32
271 silly packumentCache full:https://registry.npmjs.org/@tanstack%2frouter-core cache-miss
272 http fetch GET 200 https://registry.npmjs.org/@tailwindcss%2fnode 229ms (cache miss)
273 silly packumentCache full:https://registry.npmjs.org/@tailwindcss%2fnode set size:undefined disposed:false
274 silly fetch manifest scheduler@^0.28.0
275 silly packumentCache full:https://registry.npmjs.org/scheduler cache-miss
276 http fetch GET 200 https://registry.npmjs.org/isbot 86ms (cache miss)
277 silly packumentCache full:https://registry.npmjs.org/isbot set size:undefined disposed:false
278 silly fetch manifest zod@^4.5.4
279 silly packumentCache full:https://registry.npmjs.org/zod cache-miss
280 http fetch GET 200 https://registry.npmjs.org/@tanstack%2freact-store 88ms (cache miss)
281 silly packumentCache full:https://registry.npmjs.org/@tanstack%2freact-store set size:undefined disposed:false
282 silly fetch manifest chokidar@^5.0.0
283 silly packumentCache full:https://registry.npmjs.org/chokidar cache-miss
284 http fetch GET 200 https://registry.npmjs.org/rolldown 301ms (cache miss)
285 silly packumentCache full:https://registry.npmjs.org/rolldown set size:undefined disposed:false
286 silly fetch manifest unplugin@^3.3.0
287 silly packumentCache full:https://registry.npmjs.org/unplugin cache-miss
288 http fetch GET 200 https://registry.npmjs.org/@tailwindcss%2foxide 347ms (cache miss)
289 silly packumentCache full:https://registry.npmjs.org/@tailwindcss%2foxide set size:undefined disposed:false
290 silly fetch manifest @babel/core@^7.29.7
291 silly packumentCache full:https://registry.npmjs.org/@babel%2fcore cache-miss
292 http fetch GET 200 https://registry.npmjs.org/chokidar 111ms (cache miss)
293 silly packumentCache full:https://registry.npmjs.org/chokidar set size:undefined disposed:false
294 silly fetch manifest @babel/types@^7.29.8
295 silly packumentCache full:https://registry.npmjs.org/@babel%2ftypes cache-miss
296 http fetch GET 200 https://registry.npmjs.org/@tanstack%2frouter-core 203ms (cache miss)
297 silly packumentCache full:https://registry.npmjs.org/@tanstack%2frouter-core set size:undefined disposed:false
298 silly fetch manifest @babel/template@^7.29.7
299 silly packumentCache full:https://registry.npmjs.org/@babel%2ftemplate cache-miss
300 http fetch GET 200 https://registry.npmjs.org/unplugin 102ms (cache miss)
301 silly packumentCache full:https://registry.npmjs.org/unplugin set size:undefined disposed:false
302 silly fetch manifest @tanstack/router-utils@1.162.3
303 silly packumentCache full:https://registry.npmjs.org/@tanstack%2frouter-utils cache-miss
304 http fetch GET 200 https://registry.npmjs.org/@babel%2ftypes 68ms (cache miss)
305 silly packumentCache full:https://registry.npmjs.org/@babel%2ftypes set size:undefined disposed:false
306 silly fetch manifest @tanstack/router-generator@1.167.38
307 silly packumentCache full:https://registry.npmjs.org/@tanstack%2frouter-generator cache-miss
308 http fetch GET 200 https://registry.npmjs.org/@tanstack%2fhistory 297ms (cache miss)
309 silly packumentCache full:https://registry.npmjs.org/@tanstack%2fhistory set size:undefined disposed:false
310 silly fetch manifest csstype@^3.2.2
311 silly packumentCache full:https://registry.npmjs.org/csstype cache-miss
312 http fetch GET 200 https://registry.npmjs.org/@babel%2ftemplate 65ms (cache miss)
313 silly packumentCache full:https://registry.npmjs.org/@babel%2ftemplate set size:undefined disposed:false
314 silly fetch manifest @babel/core@^7.29.0
315 silly packumentCache full:https://registry.npmjs.org/@babel%2fcore cache-miss
316 http fetch GET 200 https://registry.npmjs.org/@babel%2fcore 110ms (cache miss)
317 silly packumentCache full:https://registry.npmjs.org/@babel%2fcore set size:undefined disposed:false
318 silly fetch manifest react-refresh@^0.18.0
319 silly packumentCache full:https://registry.npmjs.org/react-refresh cache-miss
320 http fetch GET 200 https://registry.npmjs.org/@tanstack%2frouter-utils 75ms (cache miss)
321 silly packumentCache full:https://registry.npmjs.org/@tanstack%2frouter-utils set size:undefined disposed:false
322 silly fetch manifest @types/babel__core@^7.20.5
323 silly packumentCache full:https://registry.npmjs.org/@types%2fbabel__core cache-miss
324 http fetch GET 200 https://registry.npmjs.org/csstype 45ms (cache miss)
325 silly packumentCache full:https://registry.npmjs.org/csstype set size:undefined disposed:false
326 silly fetch manifest @rolldown/pluginutils@1.0.0-rc.3
327 silly packumentCache full:https://registry.npmjs.org/@rolldown%2fpluginutils cache-miss
328 http fetch GET 200 https://registry.npmjs.org/@types%2fbabel__core 47ms (cache miss)
329 silly packumentCache full:https://registry.npmjs.org/@types%2fbabel__core set size:undefined disposed:false
330 silly fetch manifest @babel/plugin-transform-react-jsx-self@^7.27.1
331 silly packumentCache full:https://registry.npmjs.org/@babel%2fplugin-transform-react-jsx-self cache-miss
332 http fetch GET 200 https://registry.npmjs.org/zod 300ms (cache miss)
333 silly packumentCache full:https://registry.npmjs.org/zod set size:undefined disposed:false
334 silly fetch manifest @babel/plugin-transform-react-jsx-source@^7.27.1
335 silly packumentCache full:https://registry.npmjs.org/@babel%2fplugin-transform-react-jsx-source cache-miss
336 http fetch GET 200 https://registry.npmjs.org/@babel%2fcore 112ms (cache miss)
337 silly packumentCache full:https://registry.npmjs.org/@babel%2fcore set size:undefined disposed:false
338 http fetch GET 200 https://registry.npmjs.org/@rolldown%2fpluginutils 91ms (cache miss)
339 silly packumentCache full:https://registry.npmjs.org/@rolldown%2fpluginutils set size:undefined disposed:false
340 http fetch GET 200 https://registry.npmjs.org/@babel%2fplugin-transform-react-jsx-self 68ms (cache miss)
341 silly packumentCache full:https://registry.npmjs.org/@babel%2fplugin-transform-react-jsx-self set size:undefined disposed:false
342 http fetch GET 200 https://registry.npmjs.org/@babel%2fplugin-transform-react-jsx-source 51ms (cache miss)
343 silly packumentCache full:https://registry.npmjs.org/@babel%2fplugin-transform-react-jsx-source set size:undefined disposed:false
344 http fetch GET 200 https://registry.npmjs.org/scheduler 407ms (cache miss)
345 silly packumentCache full:https://registry.npmjs.org/scheduler set size:undefined disposed:false
346 http fetch GET 200 https://registry.npmjs.org/@tanstack%2frouter-generator 221ms (cache miss)
347 silly packumentCache full:https://registry.npmjs.org/@tanstack%2frouter-generator set size:undefined disposed:false
348 http fetch GET 200 https://registry.npmjs.org/react-refresh 267ms (cache miss)
349 silly packumentCache full:https://registry.npmjs.org/react-refresh set size:undefined disposed:false
350 silly placeDep ROOT @tailwindcss/node@4.3.3 OK for: @tailwindcss/vite@4.3.3 want: 4.3.3
351 silly placeDep ROOT @tailwindcss/oxide@4.3.3 OK for: @tailwindcss/vite@4.3.3 want: 4.3.3
352 silly fetch manifest jiti@^2.7.0
353 silly packumentCache full:https://registry.npmjs.org/jiti cache-miss
354 silly fetch manifest lightningcss@1.32.0
355 silly packumentCache full:https://registry.npmjs.org/lightningcss cache-miss
356 silly fetch manifest magic-string@^0.30.21
357 silly packumentCache full:https://registry.npmjs.org/magic-string cache-miss
358 silly fetch manifest source-map-js@^1.2.1
359 silly packumentCache full:https://registry.npmjs.org/source-map-js cache-miss
360 silly fetch manifest enhanced-resolve@^5.24.1
361 silly packumentCache full:https://registry.npmjs.org/enhanced-resolve cache-miss
362 silly fetch manifest @jridgewell/remapping@^2.3.5
363 silly packumentCache full:https://registry.npmjs.org/@jridgewell%2fremapping cache-miss
364 silly fetch manifest @tailwindcss/oxide-darwin-x64@4.3.3
365 silly packumentCache full:https://registry.npmjs.org/@tailwindcss%2foxide-darwin-x64 cache-miss
366 http cache https://registry.npmjs.org/lightningcss 13ms (cache hit)
367 silly packumentCache full:https://registry.npmjs.org/lightningcss set size:191065 disposed:false
368 silly fetch manifest @tailwindcss/oxide-freebsd-x64@4.3.3
369 silly packumentCache full:https://registry.npmjs.org/@tailwindcss%2foxide-freebsd-x64 cache-miss
370 http cache https://registry.npmjs.org/jiti 18ms (cache hit)
371 silly packumentCache full:https://registry.npmjs.org/jiti set size:387989 disposed:false
372 silly fetch manifest @tailwindcss/oxide-wasm32-wasi@4.3.3
373 silly packumentCache full:https://registry.npmjs.org/@tailwindcss%2foxide-wasm32-wasi cache-miss
374 http fetch GET 200 https://registry.npmjs.org/source-map-js 43ms (cache miss)
375 silly packumentCache full:https://registry.npmjs.org/source-map-js set size:undefined disposed:false
376 silly fetch manifest @tailwindcss/oxide-darwin-arm64@4.3.3
377 silly packumentCache full:https://registry.npmjs.org/@tailwindcss%2foxide-darwin-arm64 cache-miss
378 http fetch GET 200 https://registry.npmjs.org/@jridgewell%2fremapping 52ms (cache miss)
379 silly packumentCache full:https://registry.npmjs.org/@jridgewell%2fremapping set size:undefined disposed:false
380 silly fetch manifest @tailwindcss/oxide-android-arm64@4.3.3
381 silly packumentCache full:https://registry.npmjs.org/@tailwindcss%2foxide-android-arm64 cache-miss
382 http fetch GET 200 https://registry.npmjs.org/magic-string 61ms (cache miss)
383 silly packumentCache full:https://registry.npmjs.org/magic-string set size:undefined disposed:false
384 silly fetch manifest @tailwindcss/oxide-linux-x64-gnu@4.3.3
385 silly packumentCache full:https://registry.npmjs.org/@tailwindcss%2foxide-linux-x64-gnu cache-miss
386 http fetch GET 200 https://registry.npmjs.org/enhanced-resolve 80ms (cache miss)
387 silly packumentCache full:https://registry.npmjs.org/enhanced-resolve set size:undefined disposed:false
388 silly fetch manifest @tailwindcss/oxide-linux-x64-musl@4.3.3
389 silly packumentCache full:https://registry.npmjs.org/@tailwindcss%2foxide-linux-x64-musl cache-miss
390 http fetch GET 200 https://registry.npmjs.org/@tailwindcss%2foxide-darwin-x64 173ms (cache miss)
391 silly packumentCache full:https://registry.npmjs.org/@tailwindcss%2foxide-darwin-x64 set size:undefined disposed:false
392 silly fetch manifest @tailwindcss/oxide-win32-x64-msvc@4.3.3
393 silly packumentCache full:https://registry.npmjs.org/@tailwindcss%2foxide-win32-x64-msvc cache-miss
394 http fetch GET 200 https://registry.npmjs.org/@tailwindcss%2foxide-freebsd-x64 177ms (cache miss)
395 silly packumentCache full:https://registry.npmjs.org/@tailwindcss%2foxide-freebsd-x64 set size:undefined disposed:false
396 silly fetch manifest @tailwindcss/oxide-linux-arm64-gnu@4.3.3
397 silly packumentCache full:https://registry.npmjs.org/@tailwindcss%2foxide-linux-arm64-gnu cache-miss
398 http fetch GET 200 https://registry.npmjs.org/@tailwindcss%2foxide-wasm32-wasi 212ms (cache miss)
399 silly packumentCache full:https://registry.npmjs.org/@tailwindcss%2foxide-wasm32-wasi set size:undefined disposed:false
400 silly fetch manifest @tailwindcss/oxide-linux-arm64-musl@4.3.3
401 silly packumentCache full:https://registry.npmjs.org/@tailwindcss%2foxide-linux-arm64-musl cache-miss
402 http fetch GET 200 https://registry.npmjs.org/@tailwindcss%2foxide-android-arm64 231ms (cache miss)
403 silly packumentCache full:https://registry.npmjs.org/@tailwindcss%2foxide-android-arm64 set size:undefined disposed:false
404 silly fetch manifest @tailwindcss/oxide-win32-arm64-msvc@4.3.3
405 silly packumentCache full:https://registry.npmjs.org/@tailwindcss%2foxide-win32-arm64-msvc cache-miss
406 http fetch GET 200 https://registry.npmjs.org/@tailwindcss%2foxide-darwin-arm64 286ms (cache miss)
407 silly packumentCache full:https://registry.npmjs.org/@tailwindcss%2foxide-darwin-arm64 set size:undefined disposed:false
408 silly fetch manifest @tailwindcss/oxide-linux-arm-gnueabihf@4.3.3
409 silly packumentCache full:https://registry.npmjs.org/@tailwindcss%2foxide-linux-arm-gnueabihf cache-miss
410 http fetch GET 200 https://registry.npmjs.org/@tailwindcss%2foxide-linux-x64-gnu 287ms (cache miss)
411 silly packumentCache full:https://registry.npmjs.org/@tailwindcss%2foxide-linux-x64-gnu set size:undefined disposed:false
412 http fetch GET 200 https://registry.npmjs.org/@tailwindcss%2foxide-linux-x64-musl 298ms (cache miss)
413 silly packumentCache full:https://registry.npmjs.org/@tailwindcss%2foxide-linux-x64-musl set size:undefined disposed:false
414 http fetch GET 200 https://registry.npmjs.org/@tailwindcss%2foxide-win32-x64-msvc 239ms (cache miss)
415 silly packumentCache full:https://registry.npmjs.org/@tailwindcss%2foxide-win32-x64-msvc set size:undefined disposed:false
416 http fetch GET 200 https://registry.npmjs.org/@tailwindcss%2foxide-linux-arm64-gnu 250ms (cache miss)
417 silly packumentCache full:https://registry.npmjs.org/@tailwindcss%2foxide-linux-arm64-gnu set size:undefined disposed:false
418 http fetch GET 200 https://registry.npmjs.org/@tailwindcss%2foxide-linux-arm64-musl 231ms (cache miss)
419 silly packumentCache full:https://registry.npmjs.org/@tailwindcss%2foxide-linux-arm64-musl set size:undefined disposed:false
420 http fetch GET 200 https://registry.npmjs.org/@tailwindcss%2foxide-win32-arm64-msvc 189ms (cache miss)
421 silly packumentCache full:https://registry.npmjs.org/@tailwindcss%2foxide-win32-arm64-msvc set size:undefined disposed:false
422 http fetch GET 200 https://registry.npmjs.org/@tailwindcss%2foxide-linux-arm-gnueabihf 188ms (cache miss)
423 silly packumentCache full:https://registry.npmjs.org/@tailwindcss%2foxide-linux-arm-gnueabihf set size:undefined disposed:false
424 silly placeDep ROOT @jridgewell/remapping@2.3.5 OK for: @tailwindcss/node@4.3.3 want: ^2.3.5
425 silly placeDep ROOT enhanced-resolve@5.25.1 OK for: @tailwindcss/node@4.3.3 want: ^5.24.1
426 silly placeDep ROOT jiti@2.7.0 OK for: @tailwindcss/node@4.3.3 want: ^2.7.0
427 silly placeDep ROOT lightningcss@1.32.0 OK for: @tailwindcss/node@4.3.3 want: 1.32.0
428 silly placeDep ROOT magic-string@0.30.21 OK for: @tailwindcss/node@4.3.3 want: ^0.30.21
429 silly placeDep ROOT source-map-js@1.2.1 OK for: @tailwindcss/node@4.3.3 want: ^1.2.1
430 silly fetch manifest @jridgewell/gen-mapping@^0.3.5
431 silly packumentCache full:https://registry.npmjs.org/@jridgewell%2fgen-mapping cache-miss
432 silly fetch manifest @jridgewell/trace-mapping@^0.3.24
433 silly packumentCache full:https://registry.npmjs.org/@jridgewell%2ftrace-mapping cache-miss
434 silly fetch manifest tapable@^2.3.3
435 silly packumentCache full:https://registry.npmjs.org/tapable cache-miss
436 silly fetch manifest graceful-fs@^4.2.4
437 silly packumentCache full:https://registry.npmjs.org/graceful-fs cache-miss
438 silly fetch manifest detect-libc@^2.0.3
439 silly packumentCache full:https://registry.npmjs.org/detect-libc cache-miss
440 silly fetch manifest lightningcss-darwin-x64@1.32.0
441 silly packumentCache full:https://registry.npmjs.org/lightningcss-darwin-x64 cache-miss
442 silly fetch manifest lightningcss-freebsd-x64@1.32.0
443 silly packumentCache full:https://registry.npmjs.org/lightningcss-freebsd-x64 cache-miss
444 http fetch GET 200 https://registry.npmjs.org/detect-libc 40ms (cache miss)
445 silly packumentCache full:https://registry.npmjs.org/detect-libc set size:undefined disposed:false
446 silly fetch manifest lightningcss-darwin-arm64@1.32.0
447 silly packumentCache full:https://registry.npmjs.org/lightningcss-darwin-arm64 cache-miss
448 http fetch GET 200 https://registry.npmjs.org/tapable 46ms (cache miss)
449 silly packumentCache full:https://registry.npmjs.org/tapable set size:undefined disposed:false
450 silly fetch manifest lightningcss-android-arm64@1.32.0
451 silly packumentCache full:https://registry.npmjs.org/lightningcss-android-arm64 cache-miss
452 http fetch GET 200 https://registry.npmjs.org/lightningcss-darwin-x64 51ms (cache miss)
453 silly packumentCache full:https://registry.npmjs.org/lightningcss-darwin-x64 set size:undefined disposed:false
454 silly fetch manifest lightningcss-linux-x64-gnu@1.32.0
455 silly packumentCache full:https://registry.npmjs.org/lightningcss-linux-x64-gnu cache-miss
456 http fetch GET 200 https://registry.npmjs.org/graceful-fs 54ms (cache miss)
457 silly packumentCache full:https://registry.npmjs.org/graceful-fs set size:undefined disposed:false
458 silly fetch manifest lightningcss-linux-x64-musl@1.32.0
459 silly packumentCache full:https://registry.npmjs.org/lightningcss-linux-x64-musl cache-miss
460 http fetch GET 200 https://registry.npmjs.org/lightningcss-freebsd-x64 57ms (cache miss)
461 silly packumentCache full:https://registry.npmjs.org/lightningcss-freebsd-x64 set size:undefined disposed:false
462 silly fetch manifest lightningcss-win32-x64-msvc@1.32.0
463 silly packumentCache full:https://registry.npmjs.org/lightningcss-win32-x64-msvc cache-miss
464 http fetch GET 200 https://registry.npmjs.org/@jridgewell%2fgen-mapping 64ms (cache miss)
465 silly packumentCache full:https://registry.npmjs.org/@jridgewell%2fgen-mapping set size:undefined disposed:false
466 silly fetch manifest lightningcss-linux-arm64-gnu@1.32.0
467 silly packumentCache full:https://registry.npmjs.org/lightningcss-linux-arm64-gnu cache-miss
468 http fetch GET 200 https://registry.npmjs.org/@jridgewell%2ftrace-mapping 70ms (cache miss)
469 silly packumentCache full:https://registry.npmjs.org/@jridgewell%2ftrace-mapping set size:undefined disposed:false
470 silly fetch manifest lightningcss-linux-arm64-musl@1.32.0
471 silly packumentCache full:https://registry.npmjs.org/lightningcss-linux-arm64-musl cache-miss
472 http fetch GET 200 https://registry.npmjs.org/lightningcss-darwin-arm64 31ms (cache miss)
473 silly packumentCache full:https://registry.npmjs.org/lightningcss-darwin-arm64 set size:undefined disposed:false
474 silly fetch manifest lightningcss-win32-arm64-msvc@1.32.0
475 silly packumentCache full:https://registry.npmjs.org/lightningcss-win32-arm64-msvc cache-miss
476 http fetch GET 200 https://registry.npmjs.org/lightningcss-linux-x64-gnu 30ms (cache miss)
477 silly packumentCache full:https://registry.npmjs.org/lightningcss-linux-x64-gnu set size:undefined disposed:false
478 silly fetch manifest lightningcss-linux-arm-gnueabihf@1.32.0
479 silly packumentCache full:https://registry.npmjs.org/lightningcss-linux-arm-gnueabihf cache-miss
480 http fetch GET 200 https://registry.npmjs.org/lightningcss-android-arm64 40ms (cache miss)
481 silly packumentCache full:https://registry.npmjs.org/lightningcss-android-arm64 set size:undefined disposed:false
482 silly fetch manifest @jridgewell/sourcemap-codec@^1.5.5
483 silly packumentCache full:https://registry.npmjs.org/@jridgewell%2fsourcemap-codec cache-miss
484 http fetch GET 200 https://registry.npmjs.org/lightningcss-linux-x64-musl 40ms (cache miss)
485 silly packumentCache full:https://registry.npmjs.org/lightningcss-linux-x64-musl set size:undefined disposed:false
486 http fetch GET 200 https://registry.npmjs.org/lightningcss-win32-x64-msvc 40ms (cache miss)
487 silly packumentCache full:https://registry.npmjs.org/lightningcss-win32-x64-msvc set size:undefined disposed:false
488 http fetch GET 200 https://registry.npmjs.org/lightningcss-linux-arm64-gnu 37ms (cache miss)
489 silly packumentCache full:https://registry.npmjs.org/lightningcss-linux-arm64-gnu set size:undefined disposed:false
490 http fetch GET 200 https://registry.npmjs.org/lightningcss-win32-arm64-msvc 32ms (cache miss)
491 silly packumentCache full:https://registry.npmjs.org/lightningcss-win32-arm64-msvc set size:undefined disposed:false
492 http fetch GET 200 https://registry.npmjs.org/lightningcss-linux-arm64-musl 36ms (cache miss)
493 silly packumentCache full:https://registry.npmjs.org/lightningcss-linux-arm64-musl set size:undefined disposed:false
494 http fetch GET 200 https://registry.npmjs.org/lightningcss-linux-arm-gnueabihf 26ms (cache miss)
495 silly packumentCache full:https://registry.npmjs.org/lightningcss-linux-arm-gnueabihf set size:undefined disposed:false
496 http fetch GET 200 https://registry.npmjs.org/@jridgewell%2fsourcemap-codec 45ms (cache miss)
497 silly packumentCache full:https://registry.npmjs.org/@jridgewell%2fsourcemap-codec set size:undefined disposed:false
498 silly placeDep ROOT @jridgewell/gen-mapping@0.3.13 OK for: @jridgewell/remapping@2.3.5 want: ^0.3.5
499 silly placeDep ROOT @jridgewell/trace-mapping@0.3.31 OK for: @jridgewell/remapping@2.3.5 want: ^0.3.24
500 silly fetch manifest @jridgewell/sourcemap-codec@^1.5.0
501 silly packumentCache full:https://registry.npmjs.org/@jridgewell%2fsourcemap-codec cache-miss
502 silly fetch manifest @jridgewell/resolve-uri@^3.1.0
503 silly packumentCache full:https://registry.npmjs.org/@jridgewell%2fresolve-uri cache-miss
504 silly fetch manifest @jridgewell/sourcemap-codec@^1.4.14
505 silly packumentCache full:https://registry.npmjs.org/@jridgewell%2fsourcemap-codec cache-miss
506 http cache https://registry.npmjs.org/@jridgewell%2fsourcemap-codec 10ms (cache hit)
507 silly packumentCache full:https://registry.npmjs.org/@jridgewell%2fsourcemap-codec set size:65255 disposed:false
508 http cache https://registry.npmjs.org/@jridgewell%2fsourcemap-codec 12ms (cache hit)
509 silly packumentCache full:https://registry.npmjs.org/@jridgewell%2fsourcemap-codec set size:65255 disposed:false
510 silly packumentCache full:https://registry.npmjs.org/@jridgewell%2fsourcemap-codec dispose
511 http fetch GET 200 https://registry.npmjs.org/@jridgewell%2fresolve-uri 49ms (cache miss)
512 silly packumentCache full:https://registry.npmjs.org/@jridgewell%2fresolve-uri set size:undefined disposed:false
513 silly placeDep ROOT @jridgewell/sourcemap-codec@1.6.0 OK for: @jridgewell/gen-mapping@0.3.13 want: ^1.5.0
514 silly placeDep ROOT @jridgewell/resolve-uri@3.1.2 OK for: @jridgewell/trace-mapping@0.3.31 want: ^3.1.0
515 silly placeDep ROOT @tailwindcss/oxide-android-arm64@4.3.3 OK for: @tailwindcss/oxide@4.3.3 want: 4.3.3
516 silly placeDep ROOT @tailwindcss/oxide-darwin-arm64@4.3.3 OK for: @tailwindcss/oxide@4.3.3 want: 4.3.3
517 silly placeDep ROOT @tailwindcss/oxide-darwin-x64@4.3.3 OK for: @tailwindcss/oxide@4.3.3 want: 4.3.3
518 silly placeDep ROOT @tailwindcss/oxide-freebsd-x64@4.3.3 OK for: @tailwindcss/oxide@4.3.3 want: 4.3.3
519 silly placeDep ROOT @tailwindcss/oxide-linux-arm-gnueabihf@4.3.3 OK for: @tailwindcss/oxide@4.3.3 want: 4.3.3
520 silly placeDep ROOT @tailwindcss/oxide-linux-arm64-gnu@4.3.3 OK for: @tailwindcss/oxide@4.3.3 want: 4.3.3
521 silly placeDep ROOT @tailwindcss/oxide-linux-arm64-musl@4.3.3 OK for: @tailwindcss/oxide@4.3.3 want: 4.3.3
522 silly placeDep ROOT @tailwindcss/oxide-linux-x64-gnu@4.3.3 OK for: @tailwindcss/oxide@4.3.3 want: 4.3.3
523 silly placeDep ROOT @tailwindcss/oxide-linux-x64-musl@4.3.3 OK for: @tailwindcss/oxide@4.3.3 want: 4.3.3
524 silly placeDep ROOT @tailwindcss/oxide-wasm32-wasi@4.3.3 OK for: @tailwindcss/oxide@4.3.3 want: 4.3.3
525 silly placeDep ROOT @tailwindcss/oxide-win32-arm64-msvc@4.3.3 OK for: @tailwindcss/oxide@4.3.3 want: 4.3.3
526 silly placeDep ROOT @tailwindcss/oxide-win32-x64-msvc@4.3.3 OK for: @tailwindcss/oxide@4.3.3 want: 4.3.3
527 silly fetch manifest react@>=18.0.0 || >=19.0.0
528 silly packumentCache full:https://registry.npmjs.org/react cache-miss
529 http cache https://registry.npmjs.org/react 18ms (cache hit)
530 silly packumentCache full:https://registry.npmjs.org/react set size:6992208 disposed:false
531 silly fetch manifest react-dom@>=18.0.0 || >=19.0.0
532 silly packumentCache full:https://registry.npmjs.org/react-dom cache-miss
533 http cache https://registry.npmjs.org/react-dom 22ms (cache hit)
534 silly packumentCache full:https://registry.npmjs.org/react-dom set size:9417009 disposed:false
535 silly placeDep ROOT @tanstack/history@1.162.4 OK for: @tanstack/react-router@1.170.38 want: 1.162.4
536 silly placeDep ROOT @tanstack/react-store@0.11.1 OK for: @tanstack/react-router@1.170.38 want: ^0.11.0
537 silly placeDep ROOT @tanstack/router-core@1.171.32 OK for: @tanstack/react-router@1.170.38 want: 1.171.32
538 silly placeDep ROOT isbot@5.2.2 OK for: @tanstack/react-router@1.170.38 want: ^5.1.22
539 silly fetch manifest @tanstack/store@0.11.1
540 silly packumentCache full:https://registry.npmjs.org/@tanstack%2fstore cache-miss
541 silly fetch manifest use-sync-external-store@^1.6.0
542 silly packumentCache full:https://registry.npmjs.org/use-sync-external-store cache-miss
543 silly fetch manifest seroval@^1.6.2
544 silly packumentCache full:https://registry.npmjs.org/seroval cache-miss
545 silly fetch manifest cookie-es@^3.0.0
546 silly packumentCache full:https://registry.npmjs.org/cookie-es cache-miss
547 silly fetch manifest seroval-plugins@^1.6.2
548 silly packumentCache full:https://registry.npmjs.org/seroval-plugins cache-miss
549 http fetch GET 200 https://registry.npmjs.org/cookie-es 39ms (cache miss)
550 silly packumentCache full:https://registry.npmjs.org/cookie-es set size:undefined disposed:false
551 http fetch GET 200 https://registry.npmjs.org/seroval-plugins 43ms (cache miss)
552 silly packumentCache full:https://registry.npmjs.org/seroval-plugins set size:undefined disposed:false
553 http fetch GET 200 https://registry.npmjs.org/seroval 46ms (cache miss)
554 silly packumentCache full:https://registry.npmjs.org/seroval set size:undefined disposed:false
555 http fetch GET 200 https://registry.npmjs.org/@tanstack%2fstore 61ms (cache miss)
556 silly packumentCache full:https://registry.npmjs.org/@tanstack%2fstore set size:undefined disposed:false
557 http fetch GET 200 https://registry.npmjs.org/use-sync-external-store 176ms (cache miss)
558 silly packumentCache full:https://registry.npmjs.org/use-sync-external-store set size:undefined disposed:false
559 silly fetch manifest react@^16.8.0 || ^17.0.0 || ^18.0.0 || ^19.0.0
560 silly packumentCache full:https://registry.npmjs.org/react cache-miss
561 http cache https://registry.npmjs.org/react 18ms (cache hit)
562 silly packumentCache full:https://registry.npmjs.org/react set size:6992208 disposed:false
563 silly placeDep ROOT @tanstack/store@0.11.1 OK for: @tanstack/react-store@0.11.1 want: 0.11.1
564 silly placeDep ROOT use-sync-external-store@1.7.0 OK for: @tanstack/react-store@0.11.1 want: ^1.6.0
565 silly placeDep ROOT cookie-es@3.1.1 OK for: @tanstack/router-core@1.171.32 want: ^3.0.0
566 silly placeDep ROOT seroval@1.6.7 OK for: @tanstack/router-core@1.171.32 want: ^1.6.2
567 silly placeDep ROOT seroval-plugins@1.6.7 OK for: @tanstack/router-core@1.171.32 want: ^1.6.2
568 silly fetch manifest @farmfe/core@*
569 silly packumentCache full:https://registry.npmjs.org/@farmfe%2fcore cache-miss
570 http fetch GET 200 https://registry.npmjs.org/@farmfe%2fcore 107ms (cache miss)
571 silly packumentCache full:https://registry.npmjs.org/@farmfe%2fcore set size:undefined disposed:false
572 silly fetch manifest @rspack/core@*
573 silly packumentCache full:https://registry.npmjs.org/@rspack%2fcore cache-miss
574 http fetch GET 200 https://registry.npmjs.org/@rspack%2fcore 177ms (cache miss)
575 silly packumentCache full:https://registry.npmjs.org/@rspack%2fcore set size:undefined disposed:false
576 silly fetch manifest @module-federation/runtime-tools@^0.24.1 || ^2.0.0
577 silly packumentCache full:https://registry.npmjs.org/@module-federation%2fruntime-tools cache-miss
578 http fetch GET 200 https://registry.npmjs.org/@module-federation%2fruntime-tools 120ms (cache miss)
579 silly packumentCache full:https://registry.npmjs.org/@module-federation%2fruntime-tools set size:undefined disposed:false
580 silly fetch manifest @swc/helpers@^0.5.23
581 silly packumentCache full:https://registry.npmjs.org/@swc%2fhelpers cache-miss
582 http fetch GET 200 https://registry.npmjs.org/@swc%2fhelpers 71ms (cache miss)
583 silly packumentCache full:https://registry.npmjs.org/@swc%2fhelpers set size:undefined disposed:false
584 silly fetch manifest bun-types-no-globals@*
585 silly packumentCache full:https://registry.npmjs.org/bun-types-no-globals cache-miss
586 http fetch GET 200 https://registry.npmjs.org/bun-types-no-globals 47ms (cache miss)
587 silly packumentCache full:https://registry.npmjs.org/bun-types-no-globals set size:undefined disposed:false
588 silly fetch manifest esbuild@*
589 silly packumentCache full:https://registry.npmjs.org/esbuild cache-miss
590 http cache https://registry.npmjs.org/esbuild 6ms (cache hit)
591 silly packumentCache full:https://registry.npmjs.org/esbuild set size:1264676 disposed:false
592 silly fetch manifest rolldown@*
593 silly packumentCache full:https://registry.npmjs.org/rolldown cache-miss
594 http cache https://registry.npmjs.org/rolldown 10ms (cache hit)
595 silly packumentCache full:https://registry.npmjs.org/rolldown set size:3821542 disposed:false
596 silly fetch manifest rollup@*
597 silly packumentCache full:https://registry.npmjs.org/rollup cache-miss
598 http fetch GET 200 https://registry.npmjs.org/rollup 196ms (cache miss)
599 silly packumentCache full:https://registry.npmjs.org/rollup set size:undefined disposed:false
600 silly fetch manifest unloader@*
601 silly packumentCache full:https://registry.npmjs.org/unloader cache-miss
602 http fetch GET 200 https://registry.npmjs.org/unloader 45ms (cache miss)
603 silly packumentCache full:https://registry.npmjs.org/unloader set size:undefined disposed:false
604 silly fetch manifest vite@>=5.0.0 || >=6.0.0 || >=7.0.0 || >=8.0.0
605 silly packumentCache full:https://registry.npmjs.org/vite cache-miss
606 http cache https://registry.npmjs.org/vite 80ms (cache hit)
607 silly packumentCache full:https://registry.npmjs.org/vite set size:38945461 disposed:false
608 silly placeDep ROOT @babel/core@7.29.7 OK for: @tanstack/router-plugin@1.168.40 want: ^7.29.7
609 silly placeDep ROOT @babel/template@7.29.7 OK for: @tanstack/router-plugin@1.168.40 want: ^7.29.7
610 silly placeDep ROOT @babel/types@7.29.8 OK for: @tanstack/router-plugin@1.168.40 want: ^7.29.8
611 silly placeDep ROOT @tanstack/router-generator@1.167.38 OK for: @tanstack/router-plugin@1.168.40 want: 1.167.38
612 silly placeDep ROOT @tanstack/router-utils@1.162.3 OK for: @tanstack/router-plugin@1.168.40 want: 1.162.3
613 silly placeDep ROOT chokidar@5.0.0 OK for: @tanstack/router-plugin@1.168.40 want: ^5.0.0
614 silly placeDep ROOT unplugin@3.4.0 OK for: @tanstack/router-plugin@1.168.40 want: ^3.3.0
615 silly placeDep ROOT zod@4.6.5 OK for: @tanstack/router-plugin@1.168.40 want: ^4.5.4
616 silly fetch manifest debug@^4.1.0
617 silly packumentCache full:https://registry.npmjs.org/debug cache-miss
618 silly fetch manifest json5@^2.2.3
619 silly packumentCache full:https://registry.npmjs.org/json5 cache-miss
620 silly fetch manifest semver@^6.3.1
621 silly packumentCache full:https://registry.npmjs.org/semver cache-miss
622 silly fetch manifest gensync@^1.0.0-beta.2
623 silly packumentCache full:https://registry.npmjs.org/gensync cache-miss
624 silly fetch manifest @babel/types@^7.29.7
625 silly packumentCache full:https://registry.npmjs.org/@babel%2ftypes cache-miss
626 silly fetch manifest @babel/parser@^7.29.7
627 silly packumentCache full:https://registry.npmjs.org/@babel%2fparser cache-miss
628 silly fetch manifest @babel/helpers@^7.29.7
629 silly packumentCache full:https://registry.npmjs.org/@babel%2fhelpers cache-miss
630 http cache https://registry.npmjs.org/@babel%2ftypes 12ms (cache hit)
631 silly packumentCache full:https://registry.npmjs.org/@babel%2ftypes set size:505250 disposed:false
632 silly fetch manifest @babel/traverse@^7.29.7
633 silly packumentCache full:https://registry.npmjs.org/@babel%2ftraverse cache-miss
634 http fetch GET 200 https://registry.npmjs.org/gensync 70ms (cache miss)
635 silly packumentCache full:https://registry.npmjs.org/gensync set size:undefined disposed:false
636 silly fetch manifest @babel/generator@^7.29.7
637 silly packumentCache full:https://registry.npmjs.org/@babel%2fgenerator cache-miss
638 http fetch GET 200 https://registry.npmjs.org/semver 79ms (cache miss)
639 silly packumentCache full:https://registry.npmjs.org/semver set size:undefined disposed:false
640 silly fetch manifest @babel/code-frame@^7.29.7
641 silly packumentCache full:https://registry.npmjs.org/@babel%2fcode-frame cache-miss
642 http fetch GET 200 https://registry.npmjs.org/debug 87ms (cache miss)
643 silly packumentCache full:https://registry.npmjs.org/debug set size:undefined disposed:false
644 silly fetch manifest convert-source-map@^2.0.0
645 silly packumentCache full:https://registry.npmjs.org/convert-source-map cache-miss
646 http fetch GET 200 https://registry.npmjs.org/json5 94ms (cache miss)
647 silly packumentCache full:https://registry.npmjs.org/json5 set size:undefined disposed:false
648 silly fetch manifest @babel/helper-module-transforms@^7.29.7
649 silly packumentCache full:https://registry.npmjs.org/@babel%2fhelper-module-transforms cache-miss
650 http fetch GET 200 https://registry.npmjs.org/@babel%2fhelpers 99ms (cache miss)
651 silly packumentCache full:https://registry.npmjs.org/@babel%2fhelpers set size:undefined disposed:false
652 silly fetch manifest @babel/helper-compilation-targets@^7.29.7
653 silly packumentCache full:https://registry.npmjs.org/@babel%2fhelper-compilation-targets cache-miss
654 http fetch GET 200 https://registry.npmjs.org/@babel%2fparser 107ms (cache miss)
655 silly packumentCache full:https://registry.npmjs.org/@babel%2fparser set size:undefined disposed:false
656 silly fetch manifest @babel/code-frame@^7.29.7
657 silly packumentCache full:https://registry.npmjs.org/@babel%2fcode-frame cache-miss
658 http fetch GET 200 https://registry.npmjs.org/convert-source-map 33ms (cache miss)
659 silly packumentCache full:https://registry.npmjs.org/convert-source-map set size:undefined disposed:false
660 silly fetch manifest @babel/helper-string-parser@^7.29.7
661 silly packumentCache full:https://registry.npmjs.org/@babel%2fhelper-string-parser cache-miss
662 http fetch GET 200 https://registry.npmjs.org/@babel%2ftraverse 106ms (cache miss)
663 silly packumentCache full:https://registry.npmjs.org/@babel%2ftraverse set size:undefined disposed:false
664 silly fetch manifest @babel/helper-validator-identifier@^7.29.7
665 silly packumentCache full:https://registry.npmjs.org/@babel%2fhelper-validator-identifier cache-miss
666 http fetch GET 200 https://registry.npmjs.org/@babel%2fgenerator 73ms (cache miss)
667 silly packumentCache full:https://registry.npmjs.org/@babel%2fgenerator set size:undefined disposed:false
668 silly fetch manifest prettier@^3.9.6
669 silly packumentCache full:https://registry.npmjs.org/prettier cache-miss
670 http fetch GET 200 https://registry.npmjs.org/@babel%2fcode-frame 68ms (cache miss)
671 silly packumentCache full:https://registry.npmjs.org/@babel%2fcode-frame set size:undefined disposed:false
672 silly fetch manifest @tanstack/virtual-file-routes@1.162.0
673 silly packumentCache full:https://registry.npmjs.org/@tanstack%2fvirtual-file-routes cache-miss
674 http fetch GET 200 https://registry.npmjs.org/@babel%2fhelper-module-transforms 71ms (cache miss)
675 silly packumentCache full:https://registry.npmjs.org/@babel%2fhelper-module-transforms set size:undefined disposed:false
676 silly fetch manifest diff@^8.0.4
677 silly packumentCache full:https://registry.npmjs.org/diff cache-miss
678 http fetch GET 200 https://registry.npmjs.org/@babel%2fhelper-string-parser 52ms (cache miss)
679 silly packumentCache full:https://registry.npmjs.org/@babel%2fhelper-string-parser set size:undefined disposed:false
680 silly fetch manifest ansis@^4.3.1
681 silly packumentCache full:https://registry.npmjs.org/ansis cache-miss
682 http fetch GET 200 https://registry.npmjs.org/@babel%2fhelper-validator-identifier 47ms (cache miss)
683 silly packumentCache full:https://registry.npmjs.org/@babel%2fhelper-validator-identifier set size:undefined disposed:false
684 silly fetch manifest pathe@^2.0.3
685 silly packumentCache full:https://registry.npmjs.org/pathe cache-miss
686 http fetch GET 200 https://registry.npmjs.org/@babel%2fcode-frame 74ms (cache miss)
687 silly packumentCache full:https://registry.npmjs.org/@babel%2fcode-frame set size:undefined disposed:false
688 silly fetch manifest @babel/parser@^7.29.8
689 silly packumentCache full:https://registry.npmjs.org/@babel%2fparser cache-miss
690 http fetch GET 200 https://registry.npmjs.org/@babel%2fhelper-compilation-targets 87ms (cache miss)
691 silly packumentCache full:https://registry.npmjs.org/@babel%2fhelper-compilation-targets set size:undefined disposed:false
692 silly fetch manifest @babel/generator@^7.29.8
693 silly packumentCache full:https://registry.npmjs.org/@babel%2fgenerator cache-miss
694 http cache https://registry.npmjs.org/@babel%2fparser 9ms (cache hit)
695 silly packumentCache full:https://registry.npmjs.org/@babel%2fparser set size:740578 disposed:false
696 silly fetch manifest babel-dead-code-elimination@^1.0.12
697 silly packumentCache full:https://registry.npmjs.org/babel-dead-code-elimination cache-miss
698 http cache https://registry.npmjs.org/@babel%2fgenerator 16ms (cache hit)
699 silly packumentCache full:https://registry.npmjs.org/@babel%2fgenerator set size:525319 disposed:false
700 silly fetch manifest readdirp@^5.0.0
701 silly packumentCache full:https://registry.npmjs.org/readdirp cache-miss
702 http fetch GET 200 https://registry.npmjs.org/@tanstack%2fvirtual-file-routes 69ms (cache miss)
703 silly packumentCache full:https://registry.npmjs.org/@tanstack%2fvirtual-file-routes set size:undefined disposed:false
704 silly fetch manifest webpack-virtual-modules@^0.6.2
705 silly packumentCache full:https://registry.npmjs.org/webpack-virtual-modules cache-miss
706 http fetch GET 200 https://registry.npmjs.org/pathe 46ms (cache miss)
707 silly packumentCache full:https://registry.npmjs.org/pathe set size:undefined disposed:false
708 http fetch GET 200 https://registry.npmjs.org/diff 62ms (cache miss)
709 silly packumentCache full:https://registry.npmjs.org/diff set size:undefined disposed:false
710 http fetch GET 200 https://registry.npmjs.org/prettier 89ms (cache miss)
711 silly packumentCache full:https://registry.npmjs.org/prettier set size:undefined disposed:false
712 http fetch GET 200 https://registry.npmjs.org/ansis 69ms (cache miss)
713 silly packumentCache full:https://registry.npmjs.org/ansis set size:undefined disposed:false
714 http fetch GET 200 https://registry.npmjs.org/babel-dead-code-elimination 49ms (cache miss)
715 silly packumentCache full:https://registry.npmjs.org/babel-dead-code-elimination set size:undefined disposed:false
716 http fetch GET 200 https://registry.npmjs.org/readdirp 41ms (cache miss)
717 silly packumentCache full:https://registry.npmjs.org/readdirp set size:undefined disposed:false
718 http fetch GET 200 https://registry.npmjs.org/webpack-virtual-modules 30ms (cache miss)
719 silly packumentCache full:https://registry.npmjs.org/webpack-virtual-modules set size:undefined disposed:false
720 silly fetch manifest @babel/core@^7.0.0
721 silly packumentCache full:https://registry.npmjs.org/@babel%2fcore cache-miss
722 http cache https://registry.npmjs.org/@babel%2fcore 4ms (cache hit)
723 silly packumentCache full:https://registry.npmjs.org/@babel%2fcore set size:792733 disposed:false
724 silly placeDep ROOT @babel/code-frame@7.29.7 OK for: @babel/core@7.29.7 want: ^7.29.7
725 silly placeDep ROOT @babel/generator@7.29.8 OK for: @babel/core@7.29.7 want: ^7.29.7
726 silly placeDep ROOT @babel/helper-compilation-targets@7.29.7 OK for: @babel/core@7.29.7 want: ^7.29.7
727 silly placeDep ROOT @babel/helper-module-transforms@7.29.7 OK for: @babel/core@7.29.7 want: ^7.29.7
728 silly placeDep ROOT @babel/helpers@7.29.7 OK for: @babel/core@7.29.7 want: ^7.29.7
729 silly placeDep ROOT @babel/parser@7.29.8 OK for: @babel/core@7.29.7 want: ^7.29.7
730 silly placeDep ROOT @babel/traverse@7.29.8 OK for: @babel/core@7.29.7 want: ^7.29.7
731 silly placeDep ROOT convert-source-map@2.0.0 OK for: @babel/core@7.29.7 want: ^2.0.0
732 silly placeDep ROOT debug@4.4.3 OK for: @babel/core@7.29.7 want: ^4.1.0
733 silly placeDep ROOT gensync@1.0.0-beta.2 OK for: @babel/core@7.29.7 want: ^1.0.0-beta.2
734 silly placeDep ROOT json5@2.2.3 OK for: @babel/core@7.29.7 want: ^2.2.3
735 silly placeDep ROOT semver@6.3.1 OK for: @babel/core@7.29.7 want: ^6.3.1
736 silly fetch manifest js-tokens@^4.0.0
737 silly packumentCache full:https://registry.npmjs.org/js-tokens cache-miss
738 silly fetch manifest picocolors@^1.1.1
739 silly packumentCache full:https://registry.npmjs.org/picocolors cache-miss
740 silly fetch manifest jsesc@^3.0.2
741 silly packumentCache full:https://registry.npmjs.org/jsesc cache-miss
742 silly fetch manifest lru-cache@^5.1.1
743 silly packumentCache full:https://registry.npmjs.org/lru-cache cache-miss
744 silly fetch manifest browserslist@^4.24.0
745 silly packumentCache full:https://registry.npmjs.org/browserslist cache-miss
746 silly fetch manifest @babel/compat-data@^7.29.7
747 silly packumentCache full:https://registry.npmjs.org/@babel%2fcompat-data cache-miss
748 silly fetch manifest @babel/helper-validator-option@^7.29.7
749 silly packumentCache full:https://registry.npmjs.org/@babel%2fhelper-validator-option cache-miss
750 http fetch GET 200 https://registry.npmjs.org/picocolors 27ms (cache miss)
751 silly packumentCache full:https://registry.npmjs.org/picocolors set size:undefined disposed:false
752 silly fetch manifest @babel/helper-module-imports@^7.29.7
753 silly packumentCache full:https://registry.npmjs.org/@babel%2fhelper-module-imports cache-miss
754 http fetch GET 200 https://registry.npmjs.org/js-tokens 36ms (cache miss)
755 silly packumentCache full:https://registry.npmjs.org/js-tokens set size:undefined disposed:false
756 silly fetch manifest debug@^4.3.1
757 silly packumentCache full:https://registry.npmjs.org/debug cache-miss
758 http fetch GET 200 https://registry.npmjs.org/jsesc 38ms (cache miss)
759 silly packumentCache full:https://registry.npmjs.org/jsesc set size:undefined disposed:false
760 silly fetch manifest @babel/helper-globals@^7.29.7
761 silly packumentCache full:https://registry.npmjs.org/@babel%2fhelper-globals cache-miss
762 http cache https://registry.npmjs.org/debug 10ms (cache hit)
763 silly packumentCache full:https://registry.npmjs.org/debug set size:195840 disposed:false
764 silly fetch manifest ms@^2.1.3
765 silly packumentCache full:https://registry.npmjs.org/ms cache-miss
766 http fetch GET 200 https://registry.npmjs.org/@babel%2fhelper-validator-option 57ms (cache miss)
767 silly packumentCache full:https://registry.npmjs.org/@babel%2fhelper-validator-option set size:undefined disposed:false
768 http fetch GET 200 https://registry.npmjs.org/@babel%2fcompat-data 66ms (cache miss)
769 silly packumentCache full:https://registry.npmjs.org/@babel%2fcompat-data set size:undefined disposed:false
770 http fetch GET 200 https://registry.npmjs.org/browserslist 70ms (cache miss)
771 silly packumentCache full:https://registry.npmjs.org/browserslist set size:undefined disposed:false
772 http fetch GET 200 https://registry.npmjs.org/@babel%2fhelper-module-imports 53ms (cache miss)
773 silly packumentCache full:https://registry.npmjs.org/@babel%2fhelper-module-imports set size:undefined disposed:false
774 http fetch GET 200 https://registry.npmjs.org/lru-cache 83ms (cache miss)
775 silly packumentCache full:https://registry.npmjs.org/lru-cache set size:undefined disposed:false
776 http fetch GET 200 https://registry.npmjs.org/@babel%2fhelper-globals 52ms (cache miss)
777 silly packumentCache full:https://registry.npmjs.org/@babel%2fhelper-globals set size:undefined disposed:false
778 http fetch GET 200 https://registry.npmjs.org/ms 46ms (cache miss)
779 silly packumentCache full:https://registry.npmjs.org/ms set size:undefined disposed:false
780 silly placeDep ROOT @babel/helper-validator-identifier@7.29.7 OK for: @babel/code-frame@7.29.7 want: ^7.29.7
781 silly placeDep ROOT js-tokens@4.0.0 OK for: @babel/code-frame@7.29.7 want: ^4.0.0
782 silly placeDep ROOT picocolors@1.1.1 OK for: @babel/code-frame@7.29.7 want: ^1.1.1
783 silly placeDep ROOT jsesc@3.1.0 OK for: @babel/generator@7.29.8 want: ^3.0.2
784 silly placeDep ROOT @babel/compat-data@7.29.7 OK for: @babel/helper-compilation-targets@7.29.7 want: ^7.29.7
785 silly placeDep ROOT @babel/helper-validator-option@7.29.7 OK for: @babel/helper-compilation-targets@7.29.7 want: ^7.29.7
786 silly placeDep ROOT browserslist@4.29.0 OK for: @babel/helper-compilation-targets@7.29.7 want: ^4.24.0
787 silly placeDep ROOT lru-cache@5.1.1 OK for: @babel/helper-compilation-targets@7.29.7 want: ^5.1.1
788 silly fetch manifest caniuse-lite@^1.0.30001810
789 silly packumentCache full:https://registry.npmjs.org/caniuse-lite cache-miss
790 silly fetch manifest node-releases@^2.0.55
791 silly packumentCache full:https://registry.npmjs.org/node-releases cache-miss
792 silly fetch manifest electron-to-chromium@^1.5.427
793 silly packumentCache full:https://registry.npmjs.org/electron-to-chromium cache-miss
794 silly fetch manifest update-browserslist-db@^1.3.3
795 silly packumentCache full:https://registry.npmjs.org/update-browserslist-db cache-miss
796 silly fetch manifest baseline-browser-mapping@^2.11.23
797 silly packumentCache full:https://registry.npmjs.org/baseline-browser-mapping cache-miss
798 silly fetch manifest yallist@^3.0.2
799 silly packumentCache full:https://registry.npmjs.org/yallist cache-miss
800 http fetch GET 200 https://registry.npmjs.org/yallist 43ms (cache miss)
801 silly packumentCache full:https://registry.npmjs.org/yallist set size:undefined disposed:false
802 http fetch GET 200 https://registry.npmjs.org/update-browserslist-db 47ms (cache miss)
803 silly packumentCache full:https://registry.npmjs.org/update-browserslist-db set size:undefined disposed:false
804 http fetch GET 200 https://registry.npmjs.org/baseline-browser-mapping 48ms (cache miss)
805 silly packumentCache full:https://registry.npmjs.org/baseline-browser-mapping set size:undefined disposed:false
806 http fetch GET 200 https://registry.npmjs.org/node-releases 57ms (cache miss)
807 silly packumentCache full:https://registry.npmjs.org/node-releases set size:undefined disposed:false
808 http fetch GET 200 https://registry.npmjs.org/caniuse-lite 93ms (cache miss)
809 silly packumentCache full:https://registry.npmjs.org/caniuse-lite set size:undefined disposed:false
810 http fetch GET 200 https://registry.npmjs.org/electron-to-chromium 177ms (cache miss)
811 silly packumentCache full:https://registry.npmjs.org/electron-to-chromium set size:undefined disposed:false
812 silly placeDep ROOT @babel/helper-module-imports@7.29.7 OK for: @babel/helper-module-transforms@7.29.7 want: ^7.29.7
813 silly placeDep ROOT @babel/helper-globals@7.29.7 OK for: @babel/traverse@7.29.8 want: ^7.29.7
814 silly placeDep ROOT @babel/helper-string-parser@7.29.7 OK for: @babel/types@7.29.8 want: ^7.29.7
815 silly placeDep ROOT @tanstack/virtual-file-routes@1.162.0 OK for: @tanstack/router-generator@1.167.38 want: 1.162.0
816 silly placeDep ROOT prettier@3.9.8 OK for: @tanstack/router-generator@1.167.38 want: ^3.9.6
817 silly placeDep ROOT ansis@4.4.0 OK for: @tanstack/router-utils@1.162.3 want: ^4.3.1
818 silly placeDep ROOT babel-dead-code-elimination@1.0.12 OK for: @tanstack/router-utils@1.162.3 want: ^1.0.12
819 silly placeDep ROOT diff@8.0.4 OK for: @tanstack/router-utils@1.162.3 want: ^8.0.4
820 silly placeDep ROOT pathe@2.0.3 OK for: @tanstack/router-utils@1.162.3 want: ^2.0.3
821 silly placeDep ROOT tinyglobby@0.2.17 OK for: @tanstack/router-utils@1.162.3 want: ^0.2.17
822 silly fetch manifest fdir@^6.5.0
823 silly packumentCache full:https://registry.npmjs.org/fdir cache-miss
824 silly fetch manifest picomatch@^4.0.4
825 silly packumentCache full:https://registry.npmjs.org/picomatch cache-miss
826 http cache https://registry.npmjs.org/picomatch 4ms (cache hit)
827 silly packumentCache full:https://registry.npmjs.org/picomatch set size:134451 disposed:false
828 http fetch GET 200 https://registry.npmjs.org/fdir 29ms (cache miss)
829 silly packumentCache full:https://registry.npmjs.org/fdir set size:undefined disposed:false
830 silly placeDep ROOT csstype@3.2.3 OK for: @types/react@19.3.0 want: ^3.2.2
831 silly placeDep ROOT @babel/plugin-transform-react-jsx-self@7.29.7 OK for: @vitejs/plugin-react@5.2.0 want: ^7.27.1
832 silly placeDep ROOT @babel/plugin-transform-react-jsx-source@7.29.7 OK for: @vitejs/plugin-react@5.2.0 want: ^7.27.1
833 silly placeDep ROOT @rolldown/pluginutils@1.0.0-rc.3 OK for: @vitejs/plugin-react@5.2.0 want: 1.0.0-rc.3
834 silly placeDep ROOT @types/babel__core@7.20.5 OK for: @vitejs/plugin-react@5.2.0 want: ^7.20.5
835 silly placeDep ROOT react-refresh@0.18.0 OK for: @vitejs/plugin-react@5.2.0 want: ^0.18.0
836 silly fetch manifest @babel/helper-plugin-utils@^7.29.7
837 silly packumentCache full:https://registry.npmjs.org/@babel%2fhelper-plugin-utils cache-miss
838 silly fetch manifest @babel/helper-plugin-utils@^7.29.7
839 silly packumentCache full:https://registry.npmjs.org/@babel%2fhelper-plugin-utils cache-miss
840 silly fetch manifest @types/babel__template@*
841 silly packumentCache full:https://registry.npmjs.org/@types%2fbabel__template cache-miss
842 silly fetch manifest @types/babel__traverse@*
843 silly packumentCache full:https://registry.npmjs.org/@types%2fbabel__traverse cache-miss
844 silly fetch manifest @types/babel__generator@*
845 silly packumentCache full:https://registry.npmjs.org/@types%2fbabel__generator cache-miss
846 http fetch GET 200 https://registry.npmjs.org/@types%2fbabel__generator 47ms (cache miss)
847 silly packumentCache full:https://registry.npmjs.org/@types%2fbabel__generator set size:undefined disposed:false
848 http fetch GET 200 https://registry.npmjs.org/@types%2fbabel__template 49ms (cache miss)
849 silly packumentCache full:https://registry.npmjs.org/@types%2fbabel__template set size:undefined disposed:false
850 http fetch GET 200 https://registry.npmjs.org/@babel%2fhelper-plugin-utils 51ms (cache miss)
851 silly packumentCache full:https://registry.npmjs.org/@babel%2fhelper-plugin-utils set size:undefined disposed:false
852 http fetch GET 200 https://registry.npmjs.org/@babel%2fhelper-plugin-utils 53ms (cache miss)
853 silly packumentCache full:https://registry.npmjs.org/@babel%2fhelper-plugin-utils set size:undefined disposed:false
854 http fetch GET 200 https://registry.npmjs.org/@types%2fbabel__traverse 56ms (cache miss)
855 silly packumentCache full:https://registry.npmjs.org/@types%2fbabel__traverse set size:undefined disposed:false
856 silly placeDep ROOT @babel/helper-plugin-utils@7.29.7 OK for: @babel/plugin-transform-react-jsx-self@7.29.7 want: ^7.29.7
857 silly placeDep ROOT @types/babel__generator@7.27.0 OK for: @types/babel__core@7.20.5 want: *
858 silly placeDep ROOT @types/babel__template@7.4.4 OK for: @types/babel__core@7.20.5 want: *
859 silly placeDep ROOT @types/babel__traverse@7.28.0 OK for: @types/babel__core@7.20.5 want: *
860 silly fetch manifest browserslist@>= 4.21.0
861 silly packumentCache full:https://registry.npmjs.org/browserslist cache-miss
862 http cache https://registry.npmjs.org/browserslist 5ms (cache hit)
863 silly packumentCache full:https://registry.npmjs.org/browserslist set size:523370 disposed:false
864 silly placeDep ROOT baseline-browser-mapping@2.11.25 OK for: browserslist@4.29.0 want: ^2.11.23
865 silly placeDep ROOT caniuse-lite@1.0.30001810 OK for: browserslist@4.29.0 want: ^1.0.30001810
866 silly placeDep ROOT electron-to-chromium@1.5.431 OK for: browserslist@4.29.0 want: ^1.5.427
867 silly placeDep ROOT node-releases@2.0.56 OK for: browserslist@4.29.0 want: ^2.0.55
868 silly placeDep ROOT update-browserslist-db@1.3.3 OK for: browserslist@4.29.0 want: ^1.3.3
869 silly fetch manifest escalade@^3.2.0
870 silly packumentCache full:https://registry.npmjs.org/escalade cache-miss
871 http fetch GET 200 https://registry.npmjs.org/escalade 32ms (cache miss)
872 silly packumentCache full:https://registry.npmjs.org/escalade set size:undefined disposed:false
873 silly placeDep ROOT readdirp@5.1.1 OK for: chokidar@5.0.0 want: ^5.0.0
874 silly placeDep ROOT ms@2.1.3 OK for: debug@4.4.3 want: ^2.1.3
875 silly placeDep ROOT graceful-fs@4.2.11 OK for: enhanced-resolve@5.25.1 want: ^4.2.4
876 silly placeDep ROOT tapable@2.3.3 OK for: enhanced-resolve@5.25.1 want: ^2.3.3
877 silly placeDep ROOT detect-libc@2.1.2 OK for: lightningcss@1.32.0 want: ^2.0.3
878 silly placeDep ROOT lightningcss-android-arm64@1.32.0 OK for: lightningcss@1.32.0 want: 1.32.0
879 silly placeDep ROOT lightningcss-darwin-arm64@1.32.0 OK for: lightningcss@1.32.0 want: 1.32.0
880 silly placeDep ROOT lightningcss-darwin-x64@1.32.0 OK for: lightningcss@1.32.0 want: 1.32.0
881 silly placeDep ROOT lightningcss-freebsd-x64@1.32.0 OK for: lightningcss@1.32.0 want: 1.32.0
882 silly placeDep ROOT lightningcss-linux-arm-gnueabihf@1.32.0 OK for: lightningcss@1.32.0 want: 1.32.0
883 silly placeDep ROOT lightningcss-linux-arm64-gnu@1.32.0 OK for: lightningcss@1.32.0 want: 1.32.0
884 silly placeDep ROOT lightningcss-linux-arm64-musl@1.32.0 OK for: lightningcss@1.32.0 want: 1.32.0
885 silly placeDep ROOT lightningcss-linux-x64-gnu@1.32.0 OK for: lightningcss@1.32.0 want: 1.32.0
886 silly placeDep ROOT lightningcss-linux-x64-musl@1.32.0 OK for: lightningcss@1.32.0 want: 1.32.0
887 silly placeDep ROOT lightningcss-win32-arm64-msvc@1.32.0 OK for: lightningcss@1.32.0 want: 1.32.0
888 silly placeDep ROOT lightningcss-win32-x64-msvc@1.32.0 OK for: lightningcss@1.32.0 want: 1.32.0
889 silly placeDep ROOT yallist@3.1.1 OK for: lru-cache@5.1.1 want: ^3.0.2
890 silly placeDep ROOT scheduler@0.28.0 OK for: react-dom@19.3.0 want: ^0.28.0
891 silly placeDep ROOT fdir@6.5.0 OK for: tinyglobby@0.2.17 want: ^6.5.0
892 silly placeDep ROOT picomatch@4.0.7 OK for: tinyglobby@0.2.17 want: ^4.0.4
893 silly placeDep ROOT webpack-virtual-modules@0.6.2 OK for: unplugin@3.4.0 want: ^0.6.2
894 silly placeDep ROOT escalade@3.2.0 OK for: update-browserslist-db@1.3.3 want: ^3.2.0
895 silly placeDep ROOT fsevents@2.3.3 OK for: vite@8.3.0 want: ~2.3.3
896 silly placeDep node_modules/vite lightningcss@1.33.0 OK for: vite@8.3.0 want: ^1.33.0
897 silly placeDep ROOT postcss@8.5.28 OK for: vite@8.3.0 want: ^8.5.28
898 silly placeDep ROOT rolldown@1.2.9 OK for: vite@8.3.0 want: ~1.2.6
899 silly fetch manifest lightningcss-darwin-x64@1.33.0
900 silly packumentCache full:https://registry.npmjs.org/lightningcss-darwin-x64 cache-miss
901 silly fetch manifest lightningcss-linux-x64-gnu@1.33.0
902 silly packumentCache full:https://registry.npmjs.org/lightningcss-linux-x64-gnu cache-miss
903 silly fetch manifest lightningcss-win32-x64-msvc@1.33.0
904 silly packumentCache full:https://registry.npmjs.org/lightningcss-win32-x64-msvc cache-miss
905 silly fetch manifest lightningcss-win32-arm64-msvc@1.33.0
906 silly packumentCache full:https://registry.npmjs.org/lightningcss-win32-arm64-msvc cache-miss
907 silly fetch manifest lightningcss-darwin-arm64@1.33.0
908 silly packumentCache full:https://registry.npmjs.org/lightningcss-darwin-arm64 cache-miss
909 silly fetch manifest lightningcss-linux-arm64-gnu@1.33.0
910 silly packumentCache full:https://registry.npmjs.org/lightningcss-linux-arm64-gnu cache-miss
911 silly fetch manifest lightningcss-linux-arm-gnueabihf@1.33.0
912 silly packumentCache full:https://registry.npmjs.org/lightningcss-linux-arm-gnueabihf cache-miss
913 http cache https://registry.npmjs.org/lightningcss-darwin-x64 11ms (cache hit)
914 silly packumentCache full:https://registry.npmjs.org/lightningcss-darwin-x64 set size:80374 disposed:false
915 silly fetch manifest lightningcss-linux-arm64-musl@1.33.0
916 silly packumentCache full:https://registry.npmjs.org/lightningcss-linux-arm64-musl cache-miss
917 http cache https://registry.npmjs.org/lightningcss-win32-arm64-msvc 13ms (cache hit)
918 silly packumentCache full:https://registry.npmjs.org/lightningcss-win32-arm64-msvc set size:28346 disposed:false
919 silly fetch manifest lightningcss-linux-x64-musl@1.33.0
920 silly packumentCache full:https://registry.npmjs.org/lightningcss-linux-x64-musl cache-miss
921 http cache https://registry.npmjs.org/lightningcss-darwin-arm64 14ms (cache hit)
922 silly packumentCache full:https://registry.npmjs.org/lightningcss-darwin-arm64 set size:80970 disposed:false
923 silly fetch manifest lightningcss-freebsd-x64@1.33.0
924 silly packumentCache full:https://registry.npmjs.org/lightningcss-freebsd-x64 cache-miss
925 http cache https://registry.npmjs.org/lightningcss-win32-x64-msvc 16ms (cache hit)
926 silly packumentCache full:https://registry.npmjs.org/lightningcss-win32-x64-msvc set size:81347 disposed:false
927 silly fetch manifest lightningcss-android-arm64@1.33.0
928 silly packumentCache full:https://registry.npmjs.org/lightningcss-android-arm64 cache-miss
929 http cache https://registry.npmjs.org/lightningcss-linux-x64-gnu 19ms (cache hit)
930 silly packumentCache full:https://registry.npmjs.org/lightningcss-linux-x64-gnu set size:81819 disposed:false
931 silly fetch manifest nanoid@^3.3.18
932 silly packumentCache full:https://registry.npmjs.org/nanoid cache-miss
933 http cache https://registry.npmjs.org/lightningcss-linux-arm64-gnu 20ms (cache hit)
934 silly packumentCache full:https://registry.npmjs.org/lightningcss-linux-arm64-gnu set size:82397 disposed:false
935 silly fetch manifest @oxc-project/types@=0.150.0
936 silly packumentCache full:https://registry.npmjs.org/@oxc-project%2ftypes cache-miss
937 http cache https://registry.npmjs.org/lightningcss-linux-arm-gnueabihf 20ms (cache hit)
938 silly packumentCache full:https://registry.npmjs.org/lightningcss-linux-arm-gnueabihf set size:82635 disposed:false
939 silly fetch manifest @rolldown/pluginutils@^1.0.0
940 silly packumentCache full:https://registry.npmjs.org/@rolldown%2fpluginutils cache-miss
941 http cache https://registry.npmjs.org/lightningcss-linux-arm64-musl 17ms (cache hit)
942 silly packumentCache full:https://registry.npmjs.org/lightningcss-linux-arm64-musl set size:82617 disposed:false
943 silly fetch manifest @rolldown/binding-darwin-x64@1.2.9
944 silly packumentCache full:https://registry.npmjs.org/@rolldown%2fbinding-darwin-x64 cache-miss
945 http cache https://registry.npmjs.org/lightningcss-linux-x64-musl 19ms (cache hit)
946 silly packumentCache full:https://registry.npmjs.org/lightningcss-linux-x64-musl set size:82032 disposed:false
947 silly fetch manifest @rolldown/binding-freebsd-x64@1.2.9
948 silly packumentCache full:https://registry.npmjs.org/@rolldown%2fbinding-freebsd-x64 cache-miss
949 http cache https://registry.npmjs.org/lightningcss-freebsd-x64 18ms (cache hit)
950 silly packumentCache full:https://registry.npmjs.org/lightningcss-freebsd-x64 set size:44564 disposed:false
951 silly fetch manifest @rolldown/binding-darwin-arm64@1.2.9
952 silly packumentCache full:https://registry.npmjs.org/@rolldown%2fbinding-darwin-arm64 cache-miss
953 http cache https://registry.npmjs.org/lightningcss-android-arm64 18ms (cache hit)
954 silly packumentCache full:https://registry.npmjs.org/lightningcss-android-arm64 set size:9371 disposed:false
955 silly fetch manifest @rolldown/binding-android-arm64@1.2.9
956 silly packumentCache full:https://registry.npmjs.org/@rolldown%2fbinding-android-arm64 cache-miss
957 http cache https://registry.npmjs.org/@rolldown%2fpluginutils 15ms (cache hit)
958 silly packumentCache full:https://registry.npmjs.org/@rolldown%2fpluginutils set size:300388 disposed:false
959 silly fetch manifest @rolldown/binding-linux-x64-gnu@1.2.9
960 silly packumentCache full:https://registry.npmjs.org/@rolldown%2fbinding-linux-x64-gnu cache-miss
961 http fetch GET 200 https://registry.npmjs.org/nanoid 46ms (cache miss)
962 silly packumentCache full:https://registry.npmjs.org/nanoid set size:undefined disposed:false
963 silly fetch manifest @rolldown/binding-linux-x64-musl@1.2.9
964 silly packumentCache full:https://registry.npmjs.org/@rolldown%2fbinding-linux-x64-musl cache-miss
965 http fetch GET 200 https://registry.npmjs.org/@oxc-project%2ftypes 72ms (cache miss)
966 silly packumentCache full:https://registry.npmjs.org/@oxc-project%2ftypes set size:undefined disposed:false
967 silly fetch manifest @rolldown/binding-win32-x64-msvc@1.2.9
968 silly packumentCache full:https://registry.npmjs.org/@rolldown%2fbinding-win32-x64-msvc cache-miss
969 http fetch GET 200 https://registry.npmjs.org/@rolldown%2fbinding-android-arm64 78ms (cache miss)
970 silly packumentCache full:https://registry.npmjs.org/@rolldown%2fbinding-android-arm64 set size:undefined disposed:false
971 silly fetch manifest @rolldown/binding-linux-arm64-gnu@1.2.9
972 silly packumentCache full:https://registry.npmjs.org/@rolldown%2fbinding-linux-arm64-gnu cache-miss
973 http fetch GET 200 https://registry.npmjs.org/@rolldown%2fbinding-freebsd-x64 89ms (cache miss)
974 silly packumentCache full:https://registry.npmjs.org/@rolldown%2fbinding-freebsd-x64 set size:undefined disposed:false
975 silly fetch manifest @rolldown/binding-linux-ppc64-gnu@1.2.9
976 silly packumentCache full:https://registry.npmjs.org/@rolldown%2fbinding-linux-ppc64-gnu cache-miss
977 http fetch GET 200 https://registry.npmjs.org/@rolldown%2fbinding-darwin-arm64 111ms (cache miss)
978 silly packumentCache full:https://registry.npmjs.org/@rolldown%2fbinding-darwin-arm64 set size:undefined disposed:false
979 silly fetch manifest @rolldown/binding-linux-s390x-gnu@1.2.9
980 silly packumentCache full:https://registry.npmjs.org/@rolldown%2fbinding-linux-s390x-gnu cache-miss
981 http fetch GET 200 https://registry.npmjs.org/@rolldown%2fbinding-darwin-x64 124ms (cache miss)
982 silly packumentCache full:https://registry.npmjs.org/@rolldown%2fbinding-darwin-x64 set size:undefined disposed:false
983 silly fetch manifest @rolldown/binding-android-arm-eabi@1.2.9
984 silly packumentCache full:https://registry.npmjs.org/@rolldown%2fbinding-android-arm-eabi cache-miss
985 http fetch GET 200 https://registry.npmjs.org/@rolldown%2fbinding-linux-x64-gnu 149ms (cache miss)
986 silly packumentCache full:https://registry.npmjs.org/@rolldown%2fbinding-linux-x64-gnu set size:undefined disposed:false
987 silly fetch manifest @rolldown/binding-linux-arm64-musl@1.2.9
988 silly packumentCache full:https://registry.npmjs.org/@rolldown%2fbinding-linux-arm64-musl cache-miss
989 http fetch GET 200 https://registry.npmjs.org/@rolldown%2fbinding-linux-ppc64-gnu 73ms (cache miss)
990 silly packumentCache full:https://registry.npmjs.org/@rolldown%2fbinding-linux-ppc64-gnu set size:undefined disposed:false
991 silly fetch manifest @rolldown/binding-win32-arm64-msvc@1.2.9
992 silly packumentCache full:https://registry.npmjs.org/@rolldown%2fbinding-win32-arm64-msvc cache-miss
993 http fetch GET 200 https://registry.npmjs.org/@rolldown%2fbinding-linux-s390x-gnu 54ms (cache miss)
994 silly packumentCache full:https://registry.npmjs.org/@rolldown%2fbinding-linux-s390x-gnu set size:undefined disposed:false
995 silly fetch manifest @rolldown/binding-openharmony-arm64@1.2.9
996 silly packumentCache full:https://registry.npmjs.org/@rolldown%2fbinding-openharmony-arm64 cache-miss
997 http fetch GET 200 https://registry.npmjs.org/@rolldown%2fbinding-linux-x64-musl 145ms (cache miss)
998 silly packumentCache full:https://registry.npmjs.org/@rolldown%2fbinding-linux-x64-musl set size:undefined disposed:false
999 silly fetch manifest @rolldown/binding-linux-arm-gnueabihf@1.2.9
1000 silly packumentCache full:https://registry.npmjs.org/@rolldown%2fbinding-linux-arm-gnueabihf cache-miss
1001 http fetch GET 200 https://registry.npmjs.org/@rolldown%2fbinding-android-arm-eabi 64ms (cache miss)
1002 silly packumentCache full:https://registry.npmjs.org/@rolldown%2fbinding-android-arm-eabi set size:undefined disposed:false
1003 http fetch GET 200 https://registry.npmjs.org/@rolldown%2fbinding-linux-arm64-gnu 123ms (cache miss)
1004 silly packumentCache full:https://registry.npmjs.org/@rolldown%2fbinding-linux-arm64-gnu set size:undefined disposed:false
1005 http fetch GET 200 https://registry.npmjs.org/@rolldown%2fbinding-win32-x64-msvc 160ms (cache miss)
1006 silly packumentCache full:https://registry.npmjs.org/@rolldown%2fbinding-win32-x64-msvc set size:undefined disposed:false
1007 http fetch GET 200 https://registry.npmjs.org/@rolldown%2fbinding-openharmony-arm64 66ms (cache miss)
1008 silly packumentCache full:https://registry.npmjs.org/@rolldown%2fbinding-openharmony-arm64 set size:undefined disposed:false
1009 http fetch GET 200 https://registry.npmjs.org/@rolldown%2fbinding-linux-arm64-musl 93ms (cache miss)
1010 silly packumentCache full:https://registry.npmjs.org/@rolldown%2fbinding-linux-arm64-musl set size:undefined disposed:false
1011 http fetch GET 200 https://registry.npmjs.org/@rolldown%2fbinding-win32-arm64-msvc 97ms (cache miss)
1012 silly packumentCache full:https://registry.npmjs.org/@rolldown%2fbinding-win32-arm64-msvc set size:undefined disposed:false
1013 http fetch GET 200 https://registry.npmjs.org/@rolldown%2fbinding-linux-arm-gnueabihf 103ms (cache miss)
1014 silly packumentCache full:https://registry.npmjs.org/@rolldown%2fbinding-linux-arm-gnueabihf set size:undefined disposed:false
1015 silly placeDep ROOT nanoid@3.3.19 OK for: postcss@8.5.28 want: ^3.3.18
1016 silly placeDep ROOT @oxc-project/types@0.150.0 OK for: rolldown@1.2.9 want: =0.150.0
1017 silly placeDep ROOT @rolldown/binding-android-arm-eabi@1.2.9 OK for: rolldown@1.2.9 want: 1.2.9
1018 silly placeDep ROOT @rolldown/binding-android-arm64@1.2.9 OK for: rolldown@1.2.9 want: 1.2.9
1019 silly placeDep ROOT @rolldown/binding-darwin-arm64@1.2.9 OK for: rolldown@1.2.9 want: 1.2.9
1020 silly placeDep ROOT @rolldown/binding-darwin-x64@1.2.9 OK for: rolldown@1.2.9 want: 1.2.9
1021 silly placeDep ROOT @rolldown/binding-freebsd-x64@1.2.9 OK for: rolldown@1.2.9 want: 1.2.9
1022 silly placeDep ROOT @rolldown/binding-linux-arm-gnueabihf@1.2.9 OK for: rolldown@1.2.9 want: 1.2.9
1023 silly placeDep ROOT @rolldown/binding-linux-arm64-gnu@1.2.9 OK for: rolldown@1.2.9 want: 1.2.9
1024 silly placeDep ROOT @rolldown/binding-linux-arm64-musl@1.2.9 OK for: rolldown@1.2.9 want: 1.2.9
1025 silly placeDep ROOT @rolldown/binding-linux-ppc64-gnu@1.2.9 OK for: rolldown@1.2.9 want: 1.2.9
1026 silly placeDep ROOT @rolldown/binding-linux-s390x-gnu@1.2.9 OK for: rolldown@1.2.9 want: 1.2.9
1027 silly placeDep ROOT @rolldown/binding-linux-x64-gnu@1.2.9 OK for: rolldown@1.2.9 want: 1.2.9
1028 silly placeDep ROOT @rolldown/binding-linux-x64-musl@1.2.9 OK for: rolldown@1.2.9 want: 1.2.9
1029 silly placeDep ROOT @rolldown/binding-openharmony-arm64@1.2.9 OK for: rolldown@1.2.9 want: 1.2.9
1030 silly placeDep ROOT @rolldown/binding-win32-arm64-msvc@1.2.9 OK for: rolldown@1.2.9 want: 1.2.9
1031 silly placeDep ROOT @rolldown/binding-win32-x64-msvc@1.2.9 OK for: rolldown@1.2.9 want: 1.2.9
1032 silly placeDep node_modules/rolldown @rolldown/pluginutils@1.0.1 OK for: rolldown@1.2.9 want: ^1.0.0
1033 silly placeDep node_modules/vite lightningcss-android-arm64@1.33.0 OK for: lightningcss@1.33.0 want: 1.33.0
1034 silly placeDep node_modules/vite lightningcss-darwin-arm64@1.33.0 OK for: lightningcss@1.33.0 want: 1.33.0
1035 silly placeDep node_modules/vite lightningcss-darwin-x64@1.33.0 OK for: lightningcss@1.33.0 want: 1.33.0
1036 silly placeDep node_modules/vite lightningcss-freebsd-x64@1.33.0 OK for: lightningcss@1.33.0 want: 1.33.0
1037 silly placeDep node_modules/vite lightningcss-linux-arm-gnueabihf@1.33.0 OK for: lightningcss@1.33.0 want: 1.33.0
1038 silly placeDep node_modules/vite lightningcss-linux-arm64-gnu@1.33.0 OK for: lightningcss@1.33.0 want: 1.33.0
1039 silly placeDep node_modules/vite lightningcss-linux-arm64-musl@1.33.0 OK for: lightningcss@1.33.0 want: 1.33.0
1040 silly placeDep node_modules/vite lightningcss-linux-x64-gnu@1.33.0 OK for: lightningcss@1.33.0 want: 1.33.0
1041 silly placeDep node_modules/vite lightningcss-linux-x64-musl@1.33.0 OK for: lightningcss@1.33.0 want: 1.33.0
1042 silly placeDep node_modules/vite lightningcss-win32-arm64-msvc@1.33.0 OK for: lightningcss@1.33.0 want: 1.33.0
1043 silly placeDep node_modules/vite lightningcss-win32-x64-msvc@1.33.0 OK for: lightningcss@1.33.0 want: 1.33.0
1044 silly reify moves {}
1045 silly audit bulk request {
1045 silly audit   '@tailwindcss/vite': [ '4.3.3' ],
1045 silly audit   vite: [ '8.3.0' ],
1045 silly audit   '@tanstack/react-router': [ '1.170.38' ],
1045 silly audit   react: [ '19.3.0' ],
1045 silly audit   'react-dom': [ '19.3.0' ],
1045 silly audit   '@tanstack/router-plugin': [ '1.168.40' ],
1045 silly audit   '@types/react': [ '19.3.0' ],
1045 silly audit   '@types/react-dom': [ '19.3.0' ],
1045 silly audit   '@vitejs/plugin-react': [ '5.2.0' ],
1045 silly audit   'chess.js': [ '1.4.0' ],
1045 silly audit   tailwindcss: [ '4.3.3' ],
1045 silly audit   typescript: [ '5.9.3' ],
1045 silly audit   '@tailwindcss/node': [ '4.3.3' ],
1045 silly audit   '@tailwindcss/oxide': [ '4.3.3' ],
1045 silly audit   '@jridgewell/remapping': [ '2.3.5' ],
1045 silly audit   'enhanced-resolve': [ '5.25.1' ],
1045 silly audit   jiti: [ '2.7.0' ],
1045 silly audit   lightningcss: [ '1.32.0', '1.33.0' ],
1045 silly audit   'magic-string': [ '0.30.21' ],
1045 silly audit   'source-map-js': [ '1.2.1' ],
1045 silly audit   '@jridgewell/gen-mapping': [ '0.3.13' ],
1045 silly audit   '@jridgewell/trace-mapping': [ '0.3.31' ],
1045 silly audit   '@jridgewell/sourcemap-codec': [ '1.6.0' ],
1045 silly audit   '@jridgewell/resolve-uri': [ '3.1.2' ],
1045 silly audit   '@tailwindcss/oxide-android-arm64': [ '4.3.3' ],
1045 silly audit   '@tailwindcss/oxide-darwin-arm64': [ '4.3.3' ],
1045 silly audit   '@tailwindcss/oxide-darwin-x64': [ '4.3.3' ],
1045 silly audit   '@tailwindcss/oxide-freebsd-x64': [ '4.3.3' ],
1045 silly audit   '@tailwindcss/oxide-linux-arm-gnueabihf': [ '4.3.3' ],
1045 silly audit   '@tailwindcss/oxide-linux-arm64-gnu': [ '4.3.3' ],
1045 silly audit   '@tailwindcss/oxide-linux-arm64-musl': [ '4.3.3' ],
1045 silly audit   '@tailwindcss/oxide-linux-x64-gnu': [ '4.3.3' ],
1045 silly audit   '@tailwindcss/oxide-linux-x64-musl': [ '4.3.3' ],
1045 silly audit   '@tailwindcss/oxide-wasm32-wasi': [ '4.3.3' ],
1045 silly audit   '@tailwindcss/oxide-win32-arm64-msvc': [ '4.3.3' ],
1045 silly audit   '@tailwindcss/oxide-win32-x64-msvc': [ '4.3.3' ],
1045 silly audit   '@tanstack/history': [ '1.162.4' ],
1045 silly audit   '@tanstack/react-store': [ '0.11.1' ],
1045 silly audit   '@tanstack/router-core': [ '1.171.32' ],
1045 silly audit   isbot: [ '5.2.2' ],
1045 silly audit   '@tanstack/store': [ '0.11.1' ],
1045 silly audit   'use-sync-external-store': [ '1.7.0' ],
1045 silly audit   'cookie-es': [ '3.1.1' ],
1045 silly audit   seroval: [ '1.6.7' ],
1045 silly audit   'seroval-plugins': [ '1.6.7' ],
1045 silly audit   '@babel/core': [ '7.29.7' ],
1045 silly audit   '@babel/template': [ '7.29.7' ],
1045 silly audit   '@babel/types': [ '7.29.8' ],
1045 silly audit   '@tanstack/router-generator': [ '1.167.38' ],
1045 silly audit   '@tanstack/router-utils': [ '1.162.3' ],
1045 silly audit   chokidar: [ '5.0.0' ],
1045 silly audit   unplugin: [ '3.4.0' ],
1045 silly audit   zod: [ '4.6.5' ],
1045 silly audit   '@babel/code-frame': [ '7.29.7' ],
1045 silly audit   '@babel/generator': [ '7.29.8' ],
1045 silly audit   '@babel/helper-compilation-targets': [ '7.29.7' ],
1045 silly audit   '@babel/helper-module-transforms': [ '7.29.7' ],
1045 silly audit   '@babel/helpers': [ '7.29.7' ],
1045 silly audit   '@babel/parser': [ '7.29.8' ],
1045 silly audit   '@babel/traverse': [ '7.29.8' ],
1045 silly audit   'convert-source-map': [ '2.0.0' ],
1045 silly audit   debug: [ '4.4.3' ],
1045 silly audit   gensync: [ '1.0.0-beta.2' ],
1045 silly audit   json5: [ '2.2.3' ],
1045 silly audit   semver: [ '6.3.1' ],
1045 silly audit   '@babel/helper-validator-identifier': [ '7.29.7' ],
1045 silly audit   'js-tokens': [ '4.0.0' ],
1045 silly audit   picocolors: [ '1.1.1' ],
1045 silly audit   jsesc: [ '3.1.0' ],
1045 silly audit   '@babel/compat-data': [ '7.29.7' ],
1045 silly audit   '@babel/helper-validator-option': [ '7.29.7' ],
1045 silly audit   browserslist: [ '4.29.0' ],
1045 silly audit   'lru-cache': [ '5.1.1' ],
1045 silly audit   '@babel/helper-module-imports': [ '7.29.7' ],
1045 silly audit   '@babel/helper-globals': [ '7.29.7' ],
1045 silly audit   '@babel/helper-string-parser': [ '7.29.7' ],
1045 silly audit   '@tanstack/virtual-file-routes': [ '1.162.0' ],
1045 silly audit   prettier: [ '3.9.8' ],
1045 silly audit   ansis: [ '4.4.0' ],
1045 silly audit   'babel-dead-code-elimination': [ '1.0.12' ],
1045 silly audit   diff: [ '8.0.4' ],
1045 silly audit   pathe: [ '2.0.3' ],
1045 silly audit   tinyglobby: [ '0.2.17' ],
1045 silly audit   csstype: [ '3.2.3' ],
1045 silly audit   '@babel/plugin-transform-react-jsx-self': [ '7.29.7' ],
1045 silly audit   '@babel/plugin-transform-react-jsx-source': [ '7.29.7' ],
1045 silly audit   '@rolldown/pluginutils': [ '1.0.0-rc.3', '1.0.1' ],
1045 silly audit   '@types/babel__core': [ '7.20.5' ],
1045 silly audit   'react-refresh': [ '0.18.0' ],
1045 silly audit   '@babel/helper-plugin-utils': [ '7.29.7' ],
1045 silly audit   '@types/babel__generator': [ '7.27.0' ],
1045 silly audit   '@types/babel__template': [ '7.4.4' ],
1045 silly audit   '@types/babel__traverse': [ '7.28.0' ],
1045 silly audit   'baseline-browser-mapping': [ '2.11.25' ],
1045 silly audit   'caniuse-lite': [ '1.0.30001810' ],
1045 silly audit   'electron-to-chromium': [ '1.5.431' ],
1045 silly audit   'node-releases': [ '2.0.56' ],
1045 silly audit   'update-browserslist-db': [ '1.3.3' ],
1045 silly audit   readdirp: [ '5.1.1' ],
1045 silly audit   ms: [ '2.1.3' ],
1045 silly audit   'graceful-fs': [ '4.2.11' ],
1045 silly audit   tapable: [ '2.3.3' ],
1045 silly audit   'detect-libc': [ '2.1.2' ],
1045 silly audit   'lightningcss-android-arm64': [ '1.32.0', '1.33.0' ],
1045 silly audit   'lightningcss-darwin-arm64': [ '1.32.0', '1.33.0' ],
1045 silly audit   'lightningcss-darwin-x64': [ '1.32.0', '1.33.0' ],
1045 silly audit   'lightningcss-freebsd-x64': [ '1.32.0', '1.33.0' ],
1045 silly audit   'lightningcss-linux-arm-gnueabihf': [ '1.32.0', '1.33.0' ],
1045 silly audit   'lightningcss-linux-arm64-gnu': [ '1.32.0', '1.33.0' ],
1045 silly audit   'lightningcss-linux-arm64-musl': [ '1.32.0', '1.33.0' ],
1045 silly audit   'lightningcss-linux-x64-gnu': [ '1.32.0', '1.33.0' ],
1045 silly audit   'lightningcss-linux-x64-musl': [ '1.32.0', '1.33.0' ],
1045 silly audit   'lightningcss-win32-arm64-msvc': [ '1.32.0', '1.33.0' ],
1045 silly audit   'lightningcss-win32-x64-msvc': [ '1.32.0', '1.33.0' ],
1045 silly audit   yallist: [ '3.1.1' ],
1045 silly audit   scheduler: [ '0.28.0' ],
1045 silly audit   fdir: [ '6.5.0' ],
1045 silly audit   picomatch: [ '4.0.7' ],
1045 silly audit   'webpack-virtual-modules': [ '0.6.2' ],
1045 silly audit   escalade: [ '3.2.0' ],
1045 silly audit   fsevents: [ '2.3.3' ],
1045 silly audit   postcss: [ '8.5.28' ],
1045 silly audit   rolldown: [ '1.2.9' ],
1045 silly audit   nanoid: [ '3.3.19' ],
1045 silly audit   '@oxc-project/types': [ '0.150.0' ],
1045 silly audit   '@rolldown/binding-android-arm-eabi': [ '1.2.9' ],
1045 silly audit   '@rolldown/binding-android-arm64': [ '1.2.9' ],
1045 silly audit   '@rolldown/binding-darwin-arm64': [ '1.2.9' ],
1045 silly audit   '@rolldown/binding-darwin-x64': [ '1.2.9' ],
1045 silly audit   '@rolldown/binding-freebsd-x64': [ '1.2.9' ],
1045 silly audit   '@rolldown/binding-linux-arm-gnueabihf': [ '1.2.9' ],
1045 silly audit   '@rolldown/binding-linux-arm64-gnu': [ '1.2.9' ],
1045 silly audit   '@rolldown/binding-linux-arm64-musl': [ '1.2.9' ],
1045 silly audit   '@rolldown/binding-linux-ppc64-gnu': [ '1.2.9' ],
1045 silly audit   '@rolldown/binding-linux-s390x-gnu': [ '1.2.9' ],
1045 silly audit   '@rolldown/binding-linux-x64-gnu': [ '1.2.9' ],
1045 silly audit   '@rolldown/binding-linux-x64-musl': [ '1.2.9' ],
1045 silly audit   '@rolldown/binding-openharmony-arm64': [ '1.2.9' ],
1045 silly audit   '@rolldown/binding-win32-arm64-msvc': [ '1.2.9' ],
1045 silly audit   '@rolldown/binding-win32-x64-msvc': [ '1.2.9' ]
1045 silly audit }
1046 http cache @oxc-project/types@https://registry.npmjs.org/@oxc-project/types/-/types-0.150.0.tgz 0ms (cache hit)
1047 http cache @rolldown/binding-linux-x64-gnu@https://registry.npmjs.org/@rolldown/binding-linux-x64-gnu/-/binding-linux-x64-gnu-1.2.9.tgz 0ms (cache hit)
1048 http cache rolldown@https://registry.npmjs.org/rolldown/-/rolldown-1.2.9.tgz 0ms (cache hit)
1049 http cache escalade@https://registry.npmjs.org/escalade/-/escalade-3.2.0.tgz 0ms (cache hit)
1050 http cache nanoid@https://registry.npmjs.org/nanoid/-/nanoid-3.3.19.tgz 0ms (cache hit)
1051 http cache postcss@https://registry.npmjs.org/postcss/-/postcss-8.5.28.tgz 0ms (cache hit)
1052 http cache webpack-virtual-modules@https://registry.npmjs.org/webpack-virtual-modules/-/webpack-virtual-modules-0.6.2.tgz 0ms (cache hit)
1053 http cache picomatch@https://registry.npmjs.org/picomatch/-/picomatch-4.0.7.tgz 0ms (cache hit)
1054 http cache fdir@https://registry.npmjs.org/fdir/-/fdir-6.5.0.tgz 0ms (cache hit)
1055 http cache scheduler@https://registry.npmjs.org/scheduler/-/scheduler-0.28.0.tgz 0ms (cache hit)
1056 http cache detect-libc@https://registry.npmjs.org/detect-libc/-/detect-libc-2.1.2.tgz 0ms (cache hit)
1057 http cache tapable@https://registry.npmjs.org/tapable/-/tapable-2.3.3.tgz 0ms (cache hit)
1058 http cache graceful-fs@https://registry.npmjs.org/graceful-fs/-/graceful-fs-4.2.11.tgz 0ms (cache hit)
1059 http cache yallist@https://registry.npmjs.org/yallist/-/yallist-3.1.1.tgz 0ms (cache hit)
1060 http cache ms@https://registry.npmjs.org/ms/-/ms-2.1.3.tgz 0ms (cache hit)
1061 http cache readdirp@https://registry.npmjs.org/readdirp/-/readdirp-5.1.1.tgz 0ms (cache hit)
1062 http cache update-browserslist-db@https://registry.npmjs.org/update-browserslist-db/-/update-browserslist-db-1.3.3.tgz 0ms (cache hit)
1063 http cache node-releases@https://registry.npmjs.org/node-releases/-/node-releases-2.0.56.tgz 0ms (cache hit)
1064 http cache electron-to-chromium@https://registry.npmjs.org/electron-to-chromium/-/electron-to-chromium-1.5.431.tgz 0ms (cache hit)
1065 http cache lightningcss-linux-x64-gnu@https://registry.npmjs.org/lightningcss-linux-x64-gnu/-/lightningcss-linux-x64-gnu-1.32.0.tgz 0ms (cache hit)
1066 http cache caniuse-lite@https://registry.npmjs.org/caniuse-lite/-/caniuse-lite-1.0.30001810.tgz 0ms (cache hit)
1067 http cache baseline-browser-mapping@https://registry.npmjs.org/baseline-browser-mapping/-/baseline-browser-mapping-2.11.25.tgz 0ms (cache hit)
1068 http cache @types/babel__traverse@https://registry.npmjs.org/@types/babel__traverse/-/babel__traverse-7.28.0.tgz 0ms (cache hit)
1069 http cache @types/babel__generator@https://registry.npmjs.org/@types/babel__generator/-/babel__generator-7.27.0.tgz 0ms (cache hit)
1070 http cache @babel/helper-plugin-utils@https://registry.npmjs.org/@babel/helper-plugin-utils/-/helper-plugin-utils-7.29.7.tgz 0ms (cache hit)
1071 http cache react-refresh@https://registry.npmjs.org/react-refresh/-/react-refresh-0.18.0.tgz 0ms (cache hit)
1072 http cache @types/babel__core@https://registry.npmjs.org/@types/babel__core/-/babel__core-7.20.5.tgz 0ms (cache hit)
1073 http cache @rolldown/pluginutils@https://registry.npmjs.org/@rolldown/pluginutils/-/pluginutils-1.0.0-rc.3.tgz 0ms (cache hit)
1074 http cache @babel/plugin-transform-react-jsx-source@https://registry.npmjs.org/@babel/plugin-transform-react-jsx-source/-/plugin-transform-react-jsx-source-7.29.7.tgz 0ms (cache hit)
1075 http cache @babel/plugin-transform-react-jsx-self@https://registry.npmjs.org/@babel/plugin-transform-react-jsx-self/-/plugin-transform-react-jsx-self-7.29.7.tgz 0ms (cache hit)
1076 http cache csstype@https://registry.npmjs.org/csstype/-/csstype-3.2.3.tgz 0ms (cache hit)
1077 http cache tinyglobby@https://registry.npmjs.org/tinyglobby/-/tinyglobby-0.2.17.tgz 0ms (cache hit)
1078 http cache pathe@https://registry.npmjs.org/pathe/-/pathe-2.0.3.tgz 0ms (cache hit)
1079 http cache diff@https://registry.npmjs.org/diff/-/diff-8.0.4.tgz 0ms (cache hit)
1080 http cache babel-dead-code-elimination@https://registry.npmjs.org/babel-dead-code-elimination/-/babel-dead-code-elimination-1.0.12.tgz 0ms (cache hit)
1081 http cache ansis@https://registry.npmjs.org/ansis/-/ansis-4.4.0.tgz 0ms (cache hit)
1082 http cache prettier@https://registry.npmjs.org/prettier/-/prettier-3.9.8.tgz 0ms (cache hit)
1083 http cache @tanstack/virtual-file-routes@https://registry.npmjs.org/@tanstack/virtual-file-routes/-/virtual-file-routes-1.162.0.tgz 0ms (cache hit)
1084 http cache @babel/helper-string-parser@https://registry.npmjs.org/@babel/helper-string-parser/-/helper-string-parser-7.29.7.tgz 0ms (cache hit)
1085 http cache @babel/helper-module-imports@https://registry.npmjs.org/@babel/helper-module-imports/-/helper-module-imports-7.29.7.tgz 0ms (cache hit)
1086 http cache @babel/helper-globals@https://registry.npmjs.org/@babel/helper-globals/-/helper-globals-7.29.7.tgz 0ms (cache hit)
1087 http cache lru-cache@https://registry.npmjs.org/lru-cache/-/lru-cache-5.1.1.tgz 0ms (cache hit)
1088 http cache browserslist@https://registry.npmjs.org/browserslist/-/browserslist-4.29.0.tgz 0ms (cache hit)
1089 http cache @babel/helper-validator-option@https://registry.npmjs.org/@babel/helper-validator-option/-/helper-validator-option-7.29.7.tgz 0ms (cache hit)
1090 http cache @babel/compat-data@https://registry.npmjs.org/@babel/compat-data/-/compat-data-7.29.7.tgz 0ms (cache hit)
1091 http cache jsesc@https://registry.npmjs.org/jsesc/-/jsesc-3.1.0.tgz 0ms (cache hit)
1092 http cache picocolors@https://registry.npmjs.org/picocolors/-/picocolors-1.1.1.tgz 0ms (cache hit)
1093 http cache js-tokens@https://registry.npmjs.org/js-tokens/-/js-tokens-4.0.0.tgz 0ms (cache hit)
1094 http cache @babel/helper-validator-identifier@https://registry.npmjs.org/@babel/helper-validator-identifier/-/helper-validator-identifier-7.29.7.tgz 0ms (cache hit)
1095 http cache semver@https://registry.npmjs.org/semver/-/semver-6.3.1.tgz 0ms (cache hit)
1096 http cache gensync@https://registry.npmjs.org/gensync/-/gensync-1.0.0-beta.2.tgz 0ms (cache hit)
1097 http cache json5@https://registry.npmjs.org/json5/-/json5-2.2.3.tgz 0ms (cache hit)
1098 http cache debug@https://registry.npmjs.org/debug/-/debug-4.4.3.tgz 0ms (cache hit)
1099 http cache convert-source-map@https://registry.npmjs.org/convert-source-map/-/convert-source-map-2.0.0.tgz 0ms (cache hit)
1100 http cache @babel/traverse@https://registry.npmjs.org/@babel/traverse/-/traverse-7.29.8.tgz 0ms (cache hit)
1101 http cache @babel/parser@https://registry.npmjs.org/@babel/parser/-/parser-7.29.8.tgz 1ms (cache hit)
1102 http cache @types/babel__template@https://registry.npmjs.org/@types/babel__template/-/babel__template-7.4.4.tgz 0ms (cache hit)
1103 http cache @babel/helpers@https://registry.npmjs.org/@babel/helpers/-/helpers-7.29.7.tgz 0ms (cache hit)
1104 http cache @babel/helper-module-transforms@https://registry.npmjs.org/@babel/helper-module-transforms/-/helper-module-transforms-7.29.7.tgz 0ms (cache hit)
1105 http cache @babel/helper-compilation-targets@https://registry.npmjs.org/@babel/helper-compilation-targets/-/helper-compilation-targets-7.29.7.tgz 0ms (cache hit)
1106 http cache @babel/code-frame@https://registry.npmjs.org/@babel/code-frame/-/code-frame-7.29.7.tgz 0ms (cache hit)
1107 http cache @babel/generator@https://registry.npmjs.org/@babel/generator/-/generator-7.29.8.tgz 0ms (cache hit)
1108 http cache zod@https://registry.npmjs.org/zod/-/zod-4.6.5.tgz 0ms (cache hit)
1109 http cache unplugin@https://registry.npmjs.org/unplugin/-/unplugin-3.4.0.tgz 0ms (cache hit)
1110 http cache chokidar@https://registry.npmjs.org/chokidar/-/chokidar-5.0.0.tgz 0ms (cache hit)
1111 http cache @tanstack/router-utils@https://registry.npmjs.org/@tanstack/router-utils/-/router-utils-1.162.3.tgz 0ms (cache hit)
1112 http cache @tanstack/router-generator@https://registry.npmjs.org/@tanstack/router-generator/-/router-generator-1.167.38.tgz 0ms (cache hit)
1113 http cache @babel/types@https://registry.npmjs.org/@babel/types/-/types-7.29.8.tgz 0ms (cache hit)
1114 http cache @babel/template@https://registry.npmjs.org/@babel/template/-/template-7.29.7.tgz 0ms (cache hit)
1115 http cache seroval-plugins@https://registry.npmjs.org/seroval-plugins/-/seroval-plugins-1.6.7.tgz 0ms (cache hit)
1116 http cache @babel/core@https://registry.npmjs.org/@babel/core/-/core-7.29.7.tgz 0ms (cache hit)
1117 http cache seroval@https://registry.npmjs.org/seroval/-/seroval-1.6.7.tgz 0ms (cache hit)
1118 http cache cookie-es@https://registry.npmjs.org/cookie-es/-/cookie-es-3.1.1.tgz 0ms (cache hit)
1119 http cache use-sync-external-store@https://registry.npmjs.org/use-sync-external-store/-/use-sync-external-store-1.7.0.tgz 0ms (cache hit)
1120 http cache isbot@https://registry.npmjs.org/isbot/-/isbot-5.2.2.tgz 0ms (cache hit)
1121 http cache @tanstack/store@https://registry.npmjs.org/@tanstack/store/-/store-0.11.1.tgz 0ms (cache hit)
1122 http cache @tanstack/router-core@https://registry.npmjs.org/@tanstack/router-core/-/router-core-1.171.32.tgz 0ms (cache hit)
1123 http cache @tanstack/react-store@https://registry.npmjs.org/@tanstack/react-store/-/react-store-0.11.1.tgz 0ms (cache hit)
1124 http cache @tanstack/history@https://registry.npmjs.org/@tanstack/history/-/history-1.162.4.tgz 0ms (cache hit)
1125 http cache @tailwindcss/oxide-linux-x64-gnu@https://registry.npmjs.org/@tailwindcss/oxide-linux-x64-gnu/-/oxide-linux-x64-gnu-4.3.3.tgz 0ms (cache hit)
1126 http cache @jridgewell/resolve-uri@https://registry.npmjs.org/@jridgewell/resolve-uri/-/resolve-uri-3.1.2.tgz 0ms (cache hit)
1127 http cache @jridgewell/trace-mapping@https://registry.npmjs.org/@jridgewell/trace-mapping/-/trace-mapping-0.3.31.tgz 0ms (cache hit)
1128 http cache @jridgewell/sourcemap-codec@https://registry.npmjs.org/@jridgewell/sourcemap-codec/-/sourcemap-codec-1.6.0.tgz 0ms (cache hit)
1129 http cache @jridgewell/gen-mapping@https://registry.npmjs.org/@jridgewell/gen-mapping/-/gen-mapping-0.3.13.tgz 0ms (cache hit)
1130 http cache source-map-js@https://registry.npmjs.org/source-map-js/-/source-map-js-1.2.1.tgz 0ms (cache hit)
1131 http cache lightningcss@https://registry.npmjs.org/lightningcss/-/lightningcss-1.32.0.tgz 0ms (cache hit)
1132 http cache jiti@https://registry.npmjs.org/jiti/-/jiti-2.7.0.tgz 0ms (cache hit)
1133 http cache @jridgewell/remapping@https://registry.npmjs.org/@jridgewell/remapping/-/remapping-2.3.5.tgz 0ms (cache hit)
1134 http cache magic-string@https://registry.npmjs.org/magic-string/-/magic-string-0.30.21.tgz 0ms (cache hit)
1135 http cache enhanced-resolve@https://registry.npmjs.org/enhanced-resolve/-/enhanced-resolve-5.25.1.tgz 0ms (cache hit)
1136 http cache @tailwindcss/oxide@https://registry.npmjs.org/@tailwindcss/oxide/-/oxide-4.3.3.tgz 0ms (cache hit)
1137 http cache @tailwindcss/node@https://registry.npmjs.org/@tailwindcss/node/-/node-4.3.3.tgz 0ms (cache hit)
1138 http cache typescript@https://registry.npmjs.org/typescript/-/typescript-5.9.3.tgz 0ms (cache hit)
1139 http cache tailwindcss@https://registry.npmjs.org/tailwindcss/-/tailwindcss-4.3.3.tgz 0ms (cache hit)
1140 http cache chess.js@https://registry.npmjs.org/chess.js/-/chess.js-1.4.0.tgz 0ms (cache hit)
1141 http cache @vitejs/plugin-react@https://registry.npmjs.org/@vitejs/plugin-react/-/plugin-react-5.2.0.tgz 0ms (cache hit)
1142 http cache @types/react-dom@https://registry.npmjs.org/@types/react-dom/-/react-dom-19.3.0.tgz 0ms (cache hit)
1143 http cache @types/react@https://registry.npmjs.org/@types/react/-/react-19.3.0.tgz 0ms (cache hit)
1144 http cache react-dom@https://registry.npmjs.org/react-dom/-/react-dom-19.3.0.tgz 0ms (cache hit)
1145 http cache @tanstack/router-plugin@https://registry.npmjs.org/@tanstack/router-plugin/-/router-plugin-1.168.40.tgz 0ms (cache hit)
1146 http cache react@https://registry.npmjs.org/react/-/react-19.3.0.tgz 0ms (cache hit)
1147 http cache @tanstack/react-router@https://registry.npmjs.org/@tanstack/react-router/-/react-router-1.170.38.tgz 0ms (cache hit)
1148 http cache vite@https://registry.npmjs.org/vite/-/vite-8.3.0.tgz 1ms (cache hit)
1149 http cache @tailwindcss/vite@https://registry.npmjs.org/@tailwindcss/vite/-/vite-4.3.3.tgz 0ms (cache hit)
1150 http cache @rolldown/pluginutils@https://registry.npmjs.org/@rolldown/pluginutils/-/pluginutils-1.0.1.tgz 0ms (cache hit)
1151 http cache lightningcss-linux-x64-gnu@https://registry.npmjs.org/lightningcss-linux-x64-gnu/-/lightningcss-linux-x64-gnu-1.33.0.tgz 0ms (cache hit)
1152 http cache lightningcss@https://registry.npmjs.org/lightningcss/-/lightningcss-1.33.0.tgz 0ms (cache hit)
1153 silly tarball no local data for @oxc-project/types@https://registry.npmjs.org/@oxc-project/types/-/types-0.150.0.tgz. Extracting by manifest.
1154 silly tarball no local data for @rolldown/binding-linux-x64-gnu@https://registry.npmjs.org/@rolldown/binding-linux-x64-gnu/-/binding-linux-x64-gnu-1.2.9.tgz. Extracting by manifest.
1155 silly tarball no local data for rolldown@https://registry.npmjs.org/rolldown/-/rolldown-1.2.9.tgz. Extracting by manifest.
1156 silly tarball no local data for escalade@https://registry.npmjs.org/escalade/-/escalade-3.2.0.tgz. Extracting by manifest.
1157 silly tarball no local data for nanoid@https://registry.npmjs.org/nanoid/-/nanoid-3.3.19.tgz. Extracting by manifest.
1158 silly tarball no local data for postcss@https://registry.npmjs.org/postcss/-/postcss-8.5.28.tgz. Extracting by manifest.
1159 silly tarball no local data for webpack-virtual-modules@https://registry.npmjs.org/webpack-virtual-modules/-/webpack-virtual-modules-0.6.2.tgz. Extracting by manifest.
1160 silly tarball no local data for picomatch@https://registry.npmjs.org/picomatch/-/picomatch-4.0.7.tgz. Extracting by manifest.
1161 silly tarball no local data for fdir@https://registry.npmjs.org/fdir/-/fdir-6.5.0.tgz. Extracting by manifest.
1162 silly tarball no local data for scheduler@https://registry.npmjs.org/scheduler/-/scheduler-0.28.0.tgz. Extracting by manifest.
1163 silly tarball no local data for detect-libc@https://registry.npmjs.org/detect-libc/-/detect-libc-2.1.2.tgz. Extracting by manifest.
1164 silly tarball no local data for tapable@https://registry.npmjs.org/tapable/-/tapable-2.3.3.tgz. Extracting by manifest.
1165 silly tarball no local data for graceful-fs@https://registry.npmjs.org/graceful-fs/-/graceful-fs-4.2.11.tgz. Extracting by manifest.
1166 silly tarball no local data for yallist@https://registry.npmjs.org/yallist/-/yallist-3.1.1.tgz. Extracting by manifest.
1167 silly tarball no local data for ms@https://registry.npmjs.org/ms/-/ms-2.1.3.tgz. Extracting by manifest.
1168 silly tarball no local data for readdirp@https://registry.npmjs.org/readdirp/-/readdirp-5.1.1.tgz. Extracting by manifest.
1169 silly tarball no local data for update-browserslist-db@https://registry.npmjs.org/update-browserslist-db/-/update-browserslist-db-1.3.3.tgz. Extracting by manifest.
1170 silly tarball no local data for node-releases@https://registry.npmjs.org/node-releases/-/node-releases-2.0.56.tgz. Extracting by manifest.
1171 silly tarball no local data for electron-to-chromium@https://registry.npmjs.org/electron-to-chromium/-/electron-to-chromium-1.5.431.tgz. Extracting by manifest.
1172 silly tarball no local data for lightningcss-linux-x64-gnu@https://registry.npmjs.org/lightningcss-linux-x64-gnu/-/lightningcss-linux-x64-gnu-1.32.0.tgz. Extracting by manifest.
1173 silly tarball no local data for caniuse-lite@https://registry.npmjs.org/caniuse-lite/-/caniuse-lite-1.0.30001810.tgz. Extracting by manifest.
1174 silly tarball no local data for baseline-browser-mapping@https://registry.npmjs.org/baseline-browser-mapping/-/baseline-browser-mapping-2.11.25.tgz. Extracting by manifest.
1175 silly tarball no local data for @types/babel__traverse@https://registry.npmjs.org/@types/babel__traverse/-/babel__traverse-7.28.0.tgz. Extracting by manifest.
1176 silly tarball no local data for @types/babel__generator@https://registry.npmjs.org/@types/babel__generator/-/babel__generator-7.27.0.tgz. Extracting by manifest.
1177 silly tarball no local data for @babel/helper-plugin-utils@https://registry.npmjs.org/@babel/helper-plugin-utils/-/helper-plugin-utils-7.29.7.tgz. Extracting by manifest.
1178 silly tarball no local data for react-refresh@https://registry.npmjs.org/react-refresh/-/react-refresh-0.18.0.tgz. Extracting by manifest.
1179 silly tarball no local data for @types/babel__core@https://registry.npmjs.org/@types/babel__core/-/babel__core-7.20.5.tgz. Extracting by manifest.
1180 silly tarball no local data for @rolldown/pluginutils@https://registry.npmjs.org/@rolldown/pluginutils/-/pluginutils-1.0.0-rc.3.tgz. Extracting by manifest.
1181 silly tarball no local data for @babel/plugin-transform-react-jsx-source@https://registry.npmjs.org/@babel/plugin-transform-react-jsx-source/-/plugin-transform-react-jsx-source-7.29.7.tgz. Extracting by manifest.
1182 silly tarball no local data for @babel/plugin-transform-react-jsx-self@https://registry.npmjs.org/@babel/plugin-transform-react-jsx-self/-/plugin-transform-react-jsx-self-7.29.7.tgz. Extracting by manifest.
1183 silly tarball no local data for csstype@https://registry.npmjs.org/csstype/-/csstype-3.2.3.tgz. Extracting by manifest.
1184 silly tarball no local data for tinyglobby@https://registry.npmjs.org/tinyglobby/-/tinyglobby-0.2.17.tgz. Extracting by manifest.
1185 silly tarball no local data for pathe@https://registry.npmjs.org/pathe/-/pathe-2.0.3.tgz. Extracting by manifest.
1186 silly tarball no local data for diff@https://registry.npmjs.org/diff/-/diff-8.0.4.tgz. Extracting by manifest.
1187 silly tarball no local data for babel-dead-code-elimination@https://registry.npmjs.org/babel-dead-code-elimination/-/babel-dead-code-elimination-1.0.12.tgz. Extracting by manifest.
1188 silly tarball no local data for ansis@https://registry.npmjs.org/ansis/-/ansis-4.4.0.tgz. Extracting by manifest.
1189 silly tarball no local data for prettier@https://registry.npmjs.org/prettier/-/prettier-3.9.8.tgz. Extracting by manifest.
1190 silly tarball no local data for @tanstack/virtual-file-routes@https://registry.npmjs.org/@tanstack/virtual-file-routes/-/virtual-file-routes-1.162.0.tgz. Extracting by manifest.
1191 silly tarball no local data for @babel/helper-string-parser@https://registry.npmjs.org/@babel/helper-string-parser/-/helper-string-parser-7.29.7.tgz. Extracting by manifest.
1192 silly tarball no local data for @babel/helper-module-imports@https://registry.npmjs.org/@babel/helper-module-imports/-/helper-module-imports-7.29.7.tgz. Extracting by manifest.
1193 silly tarball no local data for @babel/helper-globals@https://registry.npmjs.org/@babel/helper-globals/-/helper-globals-7.29.7.tgz. Extracting by manifest.
1194 silly tarball no local data for lru-cache@https://registry.npmjs.org/lru-cache/-/lru-cache-5.1.1.tgz. Extracting by manifest.
1195 silly tarball no local data for browserslist@https://registry.npmjs.org/browserslist/-/browserslist-4.29.0.tgz. Extracting by manifest.
1196 silly tarball no local data for @babel/helper-validator-option@https://registry.npmjs.org/@babel/helper-validator-option/-/helper-validator-option-7.29.7.tgz. Extracting by manifest.
1197 silly tarball no local data for @babel/compat-data@https://registry.npmjs.org/@babel/compat-data/-/compat-data-7.29.7.tgz. Extracting by manifest.
1198 silly tarball no local data for jsesc@https://registry.npmjs.org/jsesc/-/jsesc-3.1.0.tgz. Extracting by manifest.
1199 silly tarball no local data for picocolors@https://registry.npmjs.org/picocolors/-/picocolors-1.1.1.tgz. Extracting by manifest.
1200 silly tarball no local data for js-tokens@https://registry.npmjs.org/js-tokens/-/js-tokens-4.0.0.tgz. Extracting by manifest.
1201 silly tarball no local data for @babel/helper-validator-identifier@https://registry.npmjs.org/@babel/helper-validator-identifier/-/helper-validator-identifier-7.29.7.tgz. Extracting by manifest.
1202 silly tarball no local data for semver@https://registry.npmjs.org/semver/-/semver-6.3.1.tgz. Extracting by manifest.
1203 silly tarball no local data for gensync@https://registry.npmjs.org/gensync/-/gensync-1.0.0-beta.2.tgz. Extracting by manifest.
1204 silly tarball no local data for json5@https://registry.npmjs.org/json5/-/json5-2.2.3.tgz. Extracting by manifest.
1205 silly tarball no local data for debug@https://registry.npmjs.org/debug/-/debug-4.4.3.tgz. Extracting by manifest.
1206 silly tarball no local data for convert-source-map@https://registry.npmjs.org/convert-source-map/-/convert-source-map-2.0.0.tgz. Extracting by manifest.
1207 silly tarball no local data for @babel/traverse@https://registry.npmjs.org/@babel/traverse/-/traverse-7.29.8.tgz. Extracting by manifest.
1208 silly tarball no local data for @babel/parser@https://registry.npmjs.org/@babel/parser/-/parser-7.29.8.tgz. Extracting by manifest.
1209 silly tarball no local data for @types/babel__template@https://registry.npmjs.org/@types/babel__template/-/babel__template-7.4.4.tgz. Extracting by manifest.
1210 silly tarball no local data for @babel/helpers@https://registry.npmjs.org/@babel/helpers/-/helpers-7.29.7.tgz. Extracting by manifest.
1211 silly tarball no local data for @babel/helper-module-transforms@https://registry.npmjs.org/@babel/helper-module-transforms/-/helper-module-transforms-7.29.7.tgz. Extracting by manifest.
1212 silly tarball no local data for @babel/helper-compilation-targets@https://registry.npmjs.org/@babel/helper-compilation-targets/-/helper-compilation-targets-7.29.7.tgz. Extracting by manifest.
1213 silly tarball no local data for @babel/code-frame@https://registry.npmjs.org/@babel/code-frame/-/code-frame-7.29.7.tgz. Extracting by manifest.
1214 silly tarball no local data for @babel/generator@https://registry.npmjs.org/@babel/generator/-/generator-7.29.8.tgz. Extracting by manifest.
1215 silly tarball no local data for zod@https://registry.npmjs.org/zod/-/zod-4.6.5.tgz. Extracting by manifest.
1216 silly tarball no local data for unplugin@https://registry.npmjs.org/unplugin/-/unplugin-3.4.0.tgz. Extracting by manifest.
1217 silly tarball no local data for chokidar@https://registry.npmjs.org/chokidar/-/chokidar-5.0.0.tgz. Extracting by manifest.
1218 silly tarball no local data for @tanstack/router-utils@https://registry.npmjs.org/@tanstack/router-utils/-/router-utils-1.162.3.tgz. Extracting by manifest.
1219 silly tarball no local data for @tanstack/router-generator@https://registry.npmjs.org/@tanstack/router-generator/-/router-generator-1.167.38.tgz. Extracting by manifest.
1220 silly tarball no local data for @babel/types@https://registry.npmjs.org/@babel/types/-/types-7.29.8.tgz. Extracting by manifest.
1221 silly tarball no local data for @babel/template@https://registry.npmjs.org/@babel/template/-/template-7.29.7.tgz. Extracting by manifest.
1222 silly tarball no local data for seroval-plugins@https://registry.npmjs.org/seroval-plugins/-/seroval-plugins-1.6.7.tgz. Extracting by manifest.
1223 silly tarball no local data for @babel/core@https://registry.npmjs.org/@babel/core/-/core-7.29.7.tgz. Extracting by manifest.
1224 silly tarball no local data for seroval@https://registry.npmjs.org/seroval/-/seroval-1.6.7.tgz. Extracting by manifest.
1225 silly tarball no local data for cookie-es@https://registry.npmjs.org/cookie-es/-/cookie-es-3.1.1.tgz. Extracting by manifest.
1226 silly tarball no local data for use-sync-external-store@https://registry.npmjs.org/use-sync-external-store/-/use-sync-external-store-1.7.0.tgz. Extracting by manifest.
1227 silly tarball no local data for isbot@https://registry.npmjs.org/isbot/-/isbot-5.2.2.tgz. Extracting by manifest.
1228 silly tarball no local data for @tanstack/store@https://registry.npmjs.org/@tanstack/store/-/store-0.11.1.tgz. Extracting by manifest.
1229 silly tarball no local data for @tanstack/router-core@https://registry.npmjs.org/@tanstack/router-core/-/router-core-1.171.32.tgz. Extracting by manifest.
1230 silly tarball no local data for @tanstack/react-store@https://registry.npmjs.org/@tanstack/react-store/-/react-store-0.11.1.tgz. Extracting by manifest.
1231 silly tarball no local data for @tanstack/history@https://registry.npmjs.org/@tanstack/history/-/history-1.162.4.tgz. Extracting by manifest.
1232 silly tarball no local data for @tailwindcss/oxide-linux-x64-gnu@https://registry.npmjs.org/@tailwindcss/oxide-linux-x64-gnu/-/oxide-linux-x64-gnu-4.3.3.tgz. Extracting by manifest.
1233 silly tarball no local data for @jridgewell/resolve-uri@https://registry.npmjs.org/@jridgewell/resolve-uri/-/resolve-uri-3.1.2.tgz. Extracting by manifest.
1234 silly tarball no local data for @jridgewell/trace-mapping@https://registry.npmjs.org/@jridgewell/trace-mapping/-/trace-mapping-0.3.31.tgz. Extracting by manifest.
1235 silly tarball no local data for @jridgewell/sourcemap-codec@https://registry.npmjs.org/@jridgewell/sourcemap-codec/-/sourcemap-codec-1.6.0.tgz. Extracting by manifest.
1236 silly tarball no local data for @jridgewell/gen-mapping@https://registry.npmjs.org/@jridgewell/gen-mapping/-/gen-mapping-0.3.13.tgz. Extracting by manifest.
1237 silly tarball no local data for source-map-js@https://registry.npmjs.org/source-map-js/-/source-map-js-1.2.1.tgz. Extracting by manifest.
1238 silly tarball no local data for lightningcss@https://registry.npmjs.org/lightningcss/-/lightningcss-1.32.0.tgz. Extracting by manifest.
1239 silly tarball no local data for jiti@https://registry.npmjs.org/jiti/-/jiti-2.7.0.tgz. Extracting by manifest.
1240 silly tarball no local data for @jridgewell/remapping@https://registry.npmjs.org/@jridgewell/remapping/-/remapping-2.3.5.tgz. Extracting by manifest.
1241 silly tarball no local data for magic-string@https://registry.npmjs.org/magic-string/-/magic-string-0.30.21.tgz. Extracting by manifest.
1242 silly tarball no local data for enhanced-resolve@https://registry.npmjs.org/enhanced-resolve/-/enhanced-resolve-5.25.1.tgz. Extracting by manifest.
1243 silly tarball no local data for @tailwindcss/oxide@https://registry.npmjs.org/@tailwindcss/oxide/-/oxide-4.3.3.tgz. Extracting by manifest.
1244 silly tarball no local data for @tailwindcss/node@https://registry.npmjs.org/@tailwindcss/node/-/node-4.3.3.tgz. Extracting by manifest.
1245 silly tarball no local data for typescript@https://registry.npmjs.org/typescript/-/typescript-5.9.3.tgz. Extracting by manifest.
1246 silly tarball no local data for tailwindcss@https://registry.npmjs.org/tailwindcss/-/tailwindcss-4.3.3.tgz. Extracting by manifest.
1247 silly tarball no local data for chess.js@https://registry.npmjs.org/chess.js/-/chess.js-1.4.0.tgz. Extracting by manifest.
1248 silly tarball no local data for @vitejs/plugin-react@https://registry.npmjs.org/@vitejs/plugin-react/-/plugin-react-5.2.0.tgz. Extracting by manifest.
1249 silly tarball no local data for @types/react-dom@https://registry.npmjs.org/@types/react-dom/-/react-dom-19.3.0.tgz. Extracting by manifest.
1250 silly tarball no local data for @types/react@https://registry.npmjs.org/@types/react/-/react-19.3.0.tgz. Extracting by manifest.
1251 silly tarball no local data for react-dom@https://registry.npmjs.org/react-dom/-/react-dom-19.3.0.tgz. Extracting by manifest.
1252 silly tarball no local data for @tanstack/router-plugin@https://registry.npmjs.org/@tanstack/router-plugin/-/router-plugin-1.168.40.tgz. Extracting by manifest.
1253 silly tarball no local data for react@https://registry.npmjs.org/react/-/react-19.3.0.tgz. Extracting by manifest.
1254 silly tarball no local data for @tanstack/react-router@https://registry.npmjs.org/@tanstack/react-router/-/react-router-1.170.38.tgz. Extracting by manifest.
1255 silly tarball no local data for vite@https://registry.npmjs.org/vite/-/vite-8.3.0.tgz. Extracting by manifest.
1256 silly tarball no local data for @tailwindcss/vite@https://registry.npmjs.org/@tailwindcss/vite/-/vite-4.3.3.tgz. Extracting by manifest.
1257 silly tarball no local data for @rolldown/pluginutils@https://registry.npmjs.org/@rolldown/pluginutils/-/pluginutils-1.0.1.tgz. Extracting by manifest.
1258 silly tarball no local data for lightningcss-linux-x64-gnu@https://registry.npmjs.org/lightningcss-linux-x64-gnu/-/lightningcss-linux-x64-gnu-1.33.0.tgz. Extracting by manifest.
1259 silly tarball no local data for lightningcss@https://registry.npmjs.org/lightningcss/-/lightningcss-1.33.0.tgz. Extracting by manifest.
1260 http fetch POST 200 https://registry.npmjs.org/-/npm/v1/security/advisories/bulk 284ms
1261 silly audit report {}
1262 http fetch GET 200 https://registry.npmjs.org/@oxc-project/types/-/types-0.150.0.tgz 384ms (cache miss)
1263 http fetch GET 200 https://registry.npmjs.org/escalade/-/escalade-3.2.0.tgz 397ms (cache miss)
1264 http fetch GET 200 https://registry.npmjs.org/ms/-/ms-2.1.3.tgz 429ms (cache miss)
1265 http fetch GET 200 https://registry.npmjs.org/update-browserslist-db/-/update-browserslist-db-1.3.3.tgz 449ms (cache miss)
1266 http fetch GET 200 https://registry.npmjs.org/node-releases/-/node-releases-2.0.56.tgz 450ms (cache miss)
1267 http fetch GET 200 https://registry.npmjs.org/readdirp/-/readdirp-5.1.1.tgz 452ms (cache miss)
1268 http fetch GET 200 https://registry.npmjs.org/@babel/helper-plugin-utils/-/helper-plugin-utils-7.29.7.tgz 536ms (cache miss)
1269 http fetch GET 200 https://registry.npmjs.org/electron-to-chromium/-/electron-to-chromium-1.5.431.tgz 564ms (cache miss)
1270 http fetch GET 200 https://registry.npmjs.org/@types/babel__traverse/-/babel__traverse-7.28.0.tgz 563ms (cache miss)
1271 http fetch GET 200 https://registry.npmjs.org/ansis/-/ansis-4.4.0.tgz 560ms (cache miss)
1272 http fetch GET 200 https://registry.npmjs.org/@babel/plugin-transform-react-jsx-self/-/plugin-transform-react-jsx-self-7.29.7.tgz 575ms (cache miss)
1273 http fetch GET 200 https://registry.npmjs.org/@types/babel__generator/-/babel__generator-7.27.0.tgz 579ms (cache miss)
1274 http fetch GET 200 https://registry.npmjs.org/@babel/plugin-transform-react-jsx-source/-/plugin-transform-react-jsx-source-7.29.7.tgz 578ms (cache miss)
1275 http fetch GET 200 https://registry.npmjs.org/lru-cache/-/lru-cache-5.1.1.tgz 573ms (cache miss)
1276 http fetch GET 200 https://registry.npmjs.org/yallist/-/yallist-3.1.1.tgz 615ms (cache miss)
1277 http fetch GET 200 https://registry.npmjs.org/@tanstack/virtual-file-routes/-/virtual-file-routes-1.162.0.tgz 619ms (cache miss)
1278 http fetch GET 200 https://registry.npmjs.org/jsesc/-/jsesc-3.1.0.tgz 617ms (cache miss)
1279 http fetch GET 200 https://registry.npmjs.org/debug/-/debug-4.4.3.tgz 615ms (cache miss)
1280 http fetch GET 200 https://registry.npmjs.org/@babel/helper-validator-identifier/-/helper-validator-identifier-7.29.7.tgz 617ms (cache miss)
1281 http fetch GET 200 https://registry.npmjs.org/@babel/helper-validator-option/-/helper-validator-option-7.29.7.tgz 627ms (cache miss)
1282 http fetch GET 200 https://registry.npmjs.org/graceful-fs/-/graceful-fs-4.2.11.tgz 648ms (cache miss)
1283 http fetch GET 200 https://registry.npmjs.org/tinyglobby/-/tinyglobby-0.2.17.tgz 640ms (cache miss)
1284 http fetch GET 200 https://registry.npmjs.org/babel-dead-code-elimination/-/babel-dead-code-elimination-1.0.12.tgz 640ms (cache miss)
1285 http fetch GET 200 https://registry.npmjs.org/picocolors/-/picocolors-1.1.1.tgz 635ms (cache miss)
1286 http fetch GET 200 https://registry.npmjs.org/semver/-/semver-6.3.1.tgz 635ms (cache miss)
1287 http fetch GET 200 https://registry.npmjs.org/fdir/-/fdir-6.5.0.tgz 659ms (cache miss)
1288 http fetch GET 200 https://registry.npmjs.org/browserslist/-/browserslist-4.29.0.tgz 644ms (cache miss)
1289 http fetch GET 200 https://registry.npmjs.org/convert-source-map/-/convert-source-map-2.0.0.tgz 640ms (cache miss)
1290 http fetch GET 200 https://registry.npmjs.org/@types/babel__core/-/babel__core-7.20.5.tgz 658ms (cache miss)
1291 http fetch GET 200 https://registry.npmjs.org/@babel/helper-globals/-/helper-globals-7.29.7.tgz 653ms (cache miss)
1292 http fetch GET 200 https://registry.npmjs.org/@types/babel__template/-/babel__template-7.4.4.tgz 647ms (cache miss)
1293 http fetch GET 200 https://registry.npmjs.org/baseline-browser-mapping/-/baseline-browser-mapping-2.11.25.tgz 667ms (cache miss)
1294 http fetch GET 200 https://registry.npmjs.org/js-tokens/-/js-tokens-4.0.0.tgz 656ms (cache miss)
1295 http fetch GET 200 https://registry.npmjs.org/@babel/code-frame/-/code-frame-7.29.7.tgz 657ms (cache miss)
1296 http fetch GET 200 https://registry.npmjs.org/seroval-plugins/-/seroval-plugins-1.6.7.tgz 655ms (cache miss)
1297 http fetch GET 200 https://registry.npmjs.org/react-refresh/-/react-refresh-0.18.0.tgz 678ms (cache miss)
1298 http fetch GET 200 https://registry.npmjs.org/gensync/-/gensync-1.0.0-beta.2.tgz 668ms (cache miss)
1299 http fetch GET 200 https://registry.npmjs.org/@babel/helper-string-parser/-/helper-string-parser-7.29.7.tgz 682ms (cache miss)
1300 http fetch GET 200 https://registry.npmjs.org/isbot/-/isbot-5.2.2.tgz 667ms (cache miss)
1301 http fetch GET 200 https://registry.npmjs.org/scheduler/-/scheduler-0.28.0.tgz 714ms (cache miss)
1302 http fetch GET 200 https://registry.npmjs.org/cookie-es/-/cookie-es-3.1.1.tgz 687ms (cache miss)
1303 http fetch GET 200 https://registry.npmjs.org/@jridgewell/resolve-uri/-/resolve-uri-3.1.2.tgz 690ms (cache miss)
1304 http fetch GET 200 https://registry.npmjs.org/@tailwindcss/oxide/-/oxide-4.3.3.tgz 686ms (cache miss)
1305 http fetch GET 200 https://registry.npmjs.org/detect-libc/-/detect-libc-2.1.2.tgz 725ms (cache miss)
1306 http fetch GET 200 https://registry.npmjs.org/@types/react-dom/-/react-dom-19.3.0.tgz 699ms (cache miss)
1307 http fetch GET 200 https://registry.npmjs.org/@rolldown/pluginutils/-/pluginutils-1.0.1.tgz 697ms (cache miss)
1308 http fetch GET 200 https://registry.npmjs.org/@tailwindcss/vite/-/vite-4.3.3.tgz 701ms (cache miss)
1309 http fetch GET 200 https://registry.npmjs.org/@vitejs/plugin-react/-/plugin-react-5.2.0.tgz 709ms (cache miss)
1310 http fetch GET 200 https://registry.npmjs.org/nanoid/-/nanoid-3.3.19.tgz 752ms (cache miss)
1311 http fetch GET 200 https://registry.npmjs.org/@babel/compat-data/-/compat-data-7.29.7.tgz 739ms (cache miss)
1312 http fetch GET 200 https://registry.npmjs.org/webpack-virtual-modules/-/webpack-virtual-modules-0.6.2.tgz 762ms (cache miss)
1313 http fetch GET 200 https://registry.npmjs.org/picomatch/-/picomatch-4.0.7.tgz 782ms (cache miss)
1314 http fetch GET 200 https://registry.npmjs.org/chokidar/-/chokidar-5.0.0.tgz 758ms (cache miss)
1315 http fetch GET 200 https://registry.npmjs.org/@tailwindcss/node/-/node-4.3.3.tgz 746ms (cache miss)
1316 http fetch GET 200 https://registry.npmjs.org/pathe/-/pathe-2.0.3.tgz 773ms (cache miss)
1317 http fetch GET 200 https://registry.npmjs.org/@tanstack/history/-/history-1.162.4.tgz 760ms (cache miss)
1318 http fetch GET 200 https://registry.npmjs.org/@babel/helper-module-imports/-/helper-module-imports-7.29.7.tgz 779ms (cache miss)
1319 http fetch GET 200 https://registry.npmjs.org/@rolldown/pluginutils/-/pluginutils-1.0.0-rc.3.tgz 800ms (cache miss)
1320 http fetch GET 200 https://registry.npmjs.org/use-sync-external-store/-/use-sync-external-store-1.7.0.tgz 793ms (cache miss)
1321 http fetch GET 200 https://registry.npmjs.org/@babel/template/-/template-7.29.7.tgz 811ms (cache miss)
1322 http fetch GET 200 https://registry.npmjs.org/source-map-js/-/source-map-js-1.2.1.tgz 805ms (cache miss)
1323 http fetch GET 200 https://registry.npmjs.org/@babel/helper-compilation-targets/-/helper-compilation-targets-7.29.7.tgz 822ms (cache miss)
1324 http fetch GET 200 https://registry.npmjs.org/@types/react/-/react-19.3.0.tgz 813ms (cache miss)
1325 http fetch GET 200 https://registry.npmjs.org/tapable/-/tapable-2.3.3.tgz 857ms (cache miss)
1326 http fetch GET 200 https://registry.npmjs.org/@babel/helper-module-transforms/-/helper-module-transforms-7.29.7.tgz 856ms (cache miss)
1327 http fetch GET 200 https://registry.npmjs.org/json5/-/json5-2.2.3.tgz 869ms (cache miss)
1328 http fetch GET 200 https://registry.npmjs.org/unplugin/-/unplugin-3.4.0.tgz 869ms (cache miss)
1329 http fetch GET 200 https://registry.npmjs.org/seroval/-/seroval-1.6.7.tgz 867ms (cache miss)
1330 http fetch GET 200 https://registry.npmjs.org/magic-string/-/magic-string-0.30.21.tgz 867ms (cache miss)
1331 http fetch GET 200 https://registry.npmjs.org/react/-/react-19.3.0.tgz 862ms (cache miss)
1332 http fetch GET 200 https://registry.npmjs.org/lightningcss/-/lightningcss-1.33.0.tgz 864ms (cache miss)
1333 http fetch GET 200 https://registry.npmjs.org/lightningcss/-/lightningcss-1.32.0.tgz 880ms (cache miss)
1334 http fetch GET 200 https://registry.npmjs.org/@jridgewell/remapping/-/remapping-2.3.5.tgz 896ms (cache miss)
1335 http fetch GET 200 https://registry.npmjs.org/@jridgewell/sourcemap-codec/-/sourcemap-codec-1.6.0.tgz 904ms (cache miss)
1336 http fetch GET 200 https://registry.npmjs.org/@jridgewell/gen-mapping/-/gen-mapping-0.3.13.tgz 911ms (cache miss)
1337 http fetch GET 200 https://registry.npmjs.org/chess.js/-/chess.js-1.4.0.tgz 919ms (cache miss)
1338 http fetch GET 200 https://registry.npmjs.org/csstype/-/csstype-3.2.3.tgz 951ms (cache miss)
1339 http fetch GET 200 https://registry.npmjs.org/@tanstack/store/-/store-0.11.1.tgz 959ms (cache miss)
1340 http fetch GET 200 https://registry.npmjs.org/tailwindcss/-/tailwindcss-4.3.3.tgz 989ms (cache miss)
1341 http fetch GET 200 https://registry.npmjs.org/@jridgewell/trace-mapping/-/trace-mapping-0.3.31.tgz 1005ms (cache miss)
1342 http fetch GET 200 https://registry.npmjs.org/postcss/-/postcss-8.5.28.tgz 1043ms (cache miss)
1343 http fetch GET 200 https://registry.npmjs.org/jiti/-/jiti-2.7.0.tgz 1008ms (cache miss)
1344 http fetch GET 200 https://registry.npmjs.org/@tanstack/react-store/-/react-store-0.11.1.tgz 1021ms (cache miss)
1345 http fetch GET 200 https://registry.npmjs.org/@babel/parser/-/parser-7.29.8.tgz 1038ms (cache miss)
1346 http fetch GET 200 https://registry.npmjs.org/@tanstack/router-utils/-/router-utils-1.162.3.tgz 1071ms (cache miss)
1347 http fetch GET 200 https://registry.npmjs.org/enhanced-resolve/-/enhanced-resolve-5.25.1.tgz 1079ms (cache miss)
1348 http fetch GET 200 https://registry.npmjs.org/@tailwindcss/oxide-linux-x64-gnu/-/oxide-linux-x64-gnu-4.3.3.tgz 1095ms (cache miss)
1349 http fetch GET 200 https://registry.npmjs.org/rolldown/-/rolldown-1.2.9.tgz 1151ms (cache miss)
1350 http fetch GET 200 https://registry.npmjs.org/@babel/generator/-/generator-7.29.8.tgz 1135ms (cache miss)
1351 http fetch GET 200 https://registry.npmjs.org/vite/-/vite-8.3.0.tgz 1182ms (cache miss)
1352 http fetch GET 200 https://registry.npmjs.org/@babel/traverse/-/traverse-7.29.8.tgz 1269ms (cache miss)
1353 http fetch GET 200 https://registry.npmjs.org/diff/-/diff-8.0.4.tgz 1499ms (cache miss)
1354 http fetch GET 200 https://registry.npmjs.org/react-dom/-/react-dom-19.3.0.tgz 1480ms (cache miss)
1355 http fetch GET 200 https://registry.npmjs.org/@tanstack/router-generator/-/router-generator-1.167.38.tgz 1529ms (cache miss)
1356 http fetch GET 200 https://registry.npmjs.org/@babel/core/-/core-7.29.7.tgz 1550ms (cache miss)
1357 http fetch GET 200 https://registry.npmjs.org/lightningcss-linux-x64-gnu/-/lightningcss-linux-x64-gnu-1.32.0.tgz 1593ms (cache miss)
1358 http fetch GET 200 https://registry.npmjs.org/lightningcss-linux-x64-gnu/-/lightningcss-linux-x64-gnu-1.33.0.tgz 1566ms (cache miss)
1359 http fetch GET 200 https://registry.npmjs.org/prettier/-/prettier-3.9.8.tgz 1648ms (cache miss)
1360 http fetch GET 200 https://registry.npmjs.org/@babel/types/-/types-7.29.8.tgz 1737ms (cache miss)
1361 http fetch GET 200 https://registry.npmjs.org/@babel/helpers/-/helpers-7.29.7.tgz 1820ms (cache miss)
1362 http fetch GET 200 https://registry.npmjs.org/@tanstack/router-plugin/-/router-plugin-1.168.40.tgz 1843ms (cache miss)
1363 http fetch GET 200 https://registry.npmjs.org/@rolldown/binding-linux-x64-gnu/-/binding-linux-x64-gnu-1.2.9.tgz 1924ms (cache miss)
1364 http fetch GET 200 https://registry.npmjs.org/@tanstack/react-router/-/react-router-1.170.38.tgz 1971ms (cache miss)
1365 http fetch GET 200 https://registry.npmjs.org/typescript/-/typescript-5.9.3.tgz 2040ms (cache miss)
1366 http fetch GET 200 https://registry.npmjs.org/@tanstack/router-core/-/router-core-1.171.32.tgz 2157ms (cache miss)
1367 http fetch GET 200 https://registry.npmjs.org/caniuse-lite/-/caniuse-lite-1.0.30001810.tgz 2317ms (cache miss)
1368 http fetch GET 200 https://registry.npmjs.org/zod/-/zod-4.6.5.tgz 2411ms (cache miss)
1369 silly ADD node_modules/@rolldown/binding-linux-x64-gnu
1370 silly ADD node_modules/@oxc-project/types
1371 silly ADD node_modules/nanoid
1372 silly ADD node_modules/rolldown
1373 silly ADD node_modules/rolldown/node_modules/@rolldown/pluginutils
1374 silly ADD node_modules/postcss
1375 silly ADD node_modules/escalade
1376 silly ADD node_modules/webpack-virtual-modules
1377 silly ADD node_modules/picomatch
1378 silly ADD node_modules/fdir
1379 silly ADD node_modules/scheduler
1380 silly ADD node_modules/yallist
1381 silly ADD node_modules/lightningcss-linux-x64-gnu
1382 silly ADD node_modules/detect-libc
1383 silly ADD node_modules/tapable
1384 silly ADD node_modules/graceful-fs
1385 silly ADD node_modules/ms
1386 silly ADD node_modules/readdirp
1387 silly ADD node_modules/update-browserslist-db
1388 silly ADD node_modules/node-releases
1389 silly ADD node_modules/electron-to-chromium
1390 silly ADD node_modules/caniuse-lite
1391 silly ADD node_modules/baseline-browser-mapping
1392 silly ADD node_modules/@types/babel__traverse
1393 silly ADD node_modules/@types/babel__template
1394 silly ADD node_modules/@types/babel__generator
1395 silly ADD node_modules/@babel/helper-plugin-utils
1396 silly ADD node_modules/react-refresh
1397 silly ADD node_modules/@types/babel__core
1398 silly ADD node_modules/@rolldown/pluginutils
1399 silly ADD node_modules/@babel/plugin-transform-react-jsx-source
1400 silly ADD node_modules/@babel/plugin-transform-react-jsx-self
1401 silly ADD node_modules/csstype
1402 silly ADD node_modules/tinyglobby
1403 silly ADD node_modules/pathe
1404 silly ADD node_modules/diff
1405 silly ADD node_modules/babel-dead-code-elimination
1406 silly ADD node_modules/ansis
1407 silly ADD node_modules/prettier
1408 silly ADD node_modules/@tanstack/virtual-file-routes
1409 silly ADD node_modules/@babel/helper-string-parser
1410 silly ADD node_modules/@babel/helper-globals
1411 silly ADD node_modules/@babel/helper-module-imports
1412 silly ADD node_modules/lru-cache
1413 silly ADD node_modules/browserslist
1414 silly ADD node_modules/@babel/helper-validator-option
1415 silly ADD node_modules/@babel/compat-data
1416 silly ADD node_modules/jsesc
1417 silly ADD node_modules/picocolors
1418 silly ADD node_modules/js-tokens
1419 silly ADD node_modules/@babel/helper-validator-identifier
1420 silly ADD node_modules/semver
1421 silly ADD node_modules/json5
1422 silly ADD node_modules/gensync
1423 silly ADD node_modules/debug
1424 silly ADD node_modules/convert-source-map
1425 silly ADD node_modules/@babel/traverse
1426 silly ADD node_modules/@babel/parser
1427 silly ADD node_modules/@babel/helpers
1428 silly ADD node_modules/@babel/helper-module-transforms
1429 silly ADD node_modules/@babel/helper-compilation-targets
1430 silly ADD node_modules/@babel/generator
1431 silly ADD node_modules/@babel/code-frame
1432 silly ADD node_modules/zod
1433 silly ADD node_modules/unplugin
1434 silly ADD node_modules/chokidar
1435 silly ADD node_modules/@tanstack/router-utils
1436 silly ADD node_modules/@tanstack/router-generator
1437 silly ADD node_modules/@babel/types
1438 silly ADD node_modules/@babel/template
1439 silly ADD node_modules/@babel/core
1440 silly ADD node_modules/seroval-plugins
1441 silly ADD node_modules/seroval
1442 silly ADD node_modules/cookie-es
1443 silly ADD node_modules/use-sync-external-store
1444 silly ADD node_modules/@tanstack/store
1445 silly ADD node_modules/isbot
1446 silly ADD node_modules/@tanstack/router-core
1447 silly ADD node_modules/@tanstack/react-store
1448 silly ADD node_modules/@tanstack/history
1449 silly ADD node_modules/@tailwindcss/oxide-linux-x64-gnu
1450 silly ADD node_modules/@jridgewell/resolve-uri
1451 silly ADD node_modules/@jridgewell/sourcemap-codec
1452 silly ADD node_modules/@jridgewell/trace-mapping
1453 silly ADD node_modules/@jridgewell/gen-mapping
1454 silly ADD node_modules/source-map-js
1455 silly ADD node_modules/magic-string
1456 silly ADD node_modules/lightningcss
1457 silly ADD node_modules/jiti
1458 silly ADD node_modules/enhanced-resolve
1459 silly ADD node_modules/@jridgewell/remapping
1460 silly ADD node_modules/@tailwindcss/oxide
1461 silly ADD node_modules/@tailwindcss/node
1462 silly ADD node_modules/typescript
1463 silly ADD node_modules/tailwindcss
1464 silly ADD node_modules/chess.js
1465 silly ADD node_modules/@vitejs/plugin-react
1466 silly ADD node_modules/@types/react-dom
1467 silly ADD node_modules/@types/react
1468 silly ADD node_modules/@tanstack/router-plugin
1469 silly ADD node_modules/react-dom
1470 silly ADD node_modules/react
1471 silly ADD node_modules/@tanstack/react-router
1472 silly ADD node_modules/vite
1473 silly ADD node_modules/vite/node_modules/lightningcss-linux-x64-gnu
1474 silly ADD node_modules/vite/node_modules/lightningcss
1475 silly ADD node_modules/@tailwindcss/vite
1476 verbose cwd /home/sprite
1477 verbose os Linux 6.12.91-fly
1478 verbose node v24.18.0
1479 verbose npm  v12.0.1
1480 notice
1480 notice New patch version of npm available! 12.0.1 -> 12.0.2
1480 notice Changelog: https://github.com/npm/cli/releases/tag/v12.0.2
1480 notice To update run: npm install -g npm@12.0.2
1480 notice  { force: true, Symbol(proc-log.meta): true }
1481 verbose exit 0
1482 info ok
